status,canonical_name,display_name,raw_names,months,visits,naver_title,category,address,road_address,lat,lng,candidate_count,region_ok,category_ok,query,note
pending,까망염소,까망염소,까망염소,2025-12;2026-01;2026-02;2026-03;2026-05;2026-06;2026-07,17,까망염소,"한식>육류,고기요리",충청북도 청주시 흥덕구 지동동 692-1,충청북도 청주시 흥덕구 고락로40번길 19,36.6429826,127.4010072,2,yes,yes,청주 까망염소,"region=청주; nearest of 2 candidates, 5.2km from KNUE"
pending,신토불이교원대점,신토불이교원대점,신토불이교원대점 | 신토불이 교원대점,2025-09;2025-10;2025-11;2025-12;2026-01;2026-02;2026-03;2026-04;2026-05;2026-06;2026-07,86,신토불이 교원대점,한식>오리요리,충청북도 청주시 흥덕구 강내면 탑연리 317-10 신토불이 교원대점,충청북도 청주시 흥덕구 강내면 태성탑연로 399 신토불이 교원대점,36.6188431,127.3564631,1,yes,yes,청주 신토불이교원대점,region=청주
pending,고메스퀘어,고메스퀘어,고메스퀘어,2025-10;2025-11;2025-12;2026-01;2026-02;2026-03;2026-04;2026-05;2026-06;2026-07,25,고메스퀘어 오송점,"음식점>일식,초밥뷔페",충청북도 청주시 흥덕구 오송읍 연제리 665 1층,충청북도 청주시 흥덕구 오송읍 오송생명5로 166 1층,36.6323721,127.3301088,3,yes,yes,청주 고메스퀘어,"region=청주; nearest of 3 candidates, 3.5km from KNUE; re-picked (was '고메스퀘어 청주점')"
pending,아람옻닭,아람옻닭,아람옻닭,2025-09;2026-02;2026-03;2026-04;2026-05;2026-06;2026-07,15,아람옻닭 오송점,"한식>백숙,삼계탕",충청북도 청주시 흥덕구 오송읍 오송리 71-1 1층,충청북도 청주시 흥덕구 오송읍 오송4길 15 1층,36.6126112,127.3276882,2,yes,yes,청주 아람옻닭,"region=청주; nearest of 2 candidates, 2.8km from KNUE"
pending,만리장성,만리장성,만리장성,2025-09;2025-10;2025-11;2025-12;2026-01;2026-02;2026-03;2026-04;2026-05;2026-06;2026-07,60,만리장성,중식>중식당,충청북도 청주시 흥덕구 강내면 탑연리 339 1층,충청북도 청주시 흥덕구 강내면 태성탑연로 386 1층,36.6172677,127.3559406,2,yes,yes,청주 만리장성,"region=청주; nearest of 2 candidates, 0.7km from KNUE"
pending,오송한우명가,오송한우명가,오송한우명가,2025-12;2026-01;2026-02;2026-04;2026-07,7,오송한우명가,한식>소고기구이,충청북도 청주시 흥덕구 오송읍 만수리 545,충청북도 청주시 흥덕구 오송읍 오송가락로 255-12,36.6296085,127.3321065,1,yes,yes,청주 오송한우명가,region=청주
pending,우보설렁탕,우보설렁탕,우보설렁탕,2026-06;2026-07,4,우보설렁탕 본점,"한식>곰탕,설렁탕",세종특별자치시 조치원읍 평리 23-51 우보설렁탕 본점,세종특별자치시 조치원읍 문화로 24 우보설렁탕 본점,36.6037755,127.3010768,2,yes,yes,세종 우보설렁탕,"region=세종; nearest of 2 candidates, 5.2km from KNUE; re-picked (was '세종설렁탕')"
pending,카페공감3,카페공감3,카페공감3,2025-09;2025-10;2025-11;2025-12;2026-01;2026-02;2026-03;2026-04;2026-05;2026-06;2026-07,61,공감카페 3호점,"음식점>카페,디저트",충청북도 청주시 흥덕구 강내면 다락리 산7,충청북도 청주시 흥덕구 강내면 태성탑연로 250,36.6109883,127.3588709,2,yes,yes,청주 카페공감3,"region=청주; nearest of 2 candidates, 0.0km from KNUE"
pending,카페까망,까페까망,까페까망 | 카페까망,2026-02;2026-07,4,카페까망,"카페,디저트>카페",충청북도 청주시 흥덕구 지동동 675-4,충청북도 청주시 흥덕구 고락로40번길 25,36.6430688,127.4002169,4,yes,yes,청주 카페까망,"region=청주; nearest of 4 candidates, 5.1km from KNUE"
rejected,커피빈코리아도심공항타워점,(주)커피빈코리아 도심공항타워점,(주)커피빈코리아 도심공항타워점,2026-07,3,커피빈 도심공항타워점,"카페,디저트>카페",서울특별시 강남구 삼성동 159,서울특별시 강남구 테헤란로87길 36,37.5104265,127.0584558,1,no,yes,커피빈코리아도심공항타워점,outside 청주/세종/공주/대전
rejected,컬처푸드한국교원대점,컬처푸드 한국교원대점,컬처푸드 한국교원대점,2025-10;2025-11;2025-12;2026-01;2026-03;2026-06;2026-07,22,,,,,,,0,,,컬처푸드한국교원대점,no geocoding hit
pending,평리작은커피,평리작은커피,평리작은커피,2026-06;2026-07,4,평리작은커피,"카페,디저트>카페",세종특별자치시 조치원읍 평리 23-28 1층,세종특별자치시 조치원읍 문화로 16-1 1층,36.6030038,127.3010767,1,yes,yes,세종 평리작은커피,region=세종
pending,36.5공감,36.5공감,36.5공감,2025-09;2025-10;2025-11;2025-12;2026-01;2026-02;2026-04;2026-05;2026-06;2026-07,22,36.5공감,"음식점>카페,디저트",충청북도 청주시 흥덕구 강내면 탑연리 338-2,충청북도 청주시 흥덕구 강내면 태성탑연로 390,36.6177543,127.3561614,1,yes,yes,청주 36.5공감,region=청주
rejected,THEHYUNDAI무역센터점,THE HYUNDAI 무역센터점,THE HYUNDAI 무역센터점,2026-07,2,더이탈리안클럽 현대백화점무역센터점,음식점>이탈리아음식,서울특별시 강남구 삼성동 159-7 현대백화점 10층,서울특별시 강남구 테헤란로 517 현대백화점 10층,37.5084703,127.0596359,1,no,yes,THEHYUNDAI무역센터점,outside 청주/세종/공주/대전
rejected,링코제일-코엑스점,(주)링코제일-코엑스점,(주)링코제일-코엑스점,2025-12;2026-07,3,,,,,,,0,,,링코제일-코엑스점,no geocoding hit
pending,메이49-10,메이49-10,메이49-10,2025-09;2025-10;2025-11;2025-12;2026-01;2026-02;2026-04;2026-05;2026-06;2026-07,36,MAY 49-10,"음식점>카페,디저트",충청북도 청주시 흥덕구 강내면 월탄리 49-10,충청북도 청주시 흥덕구 강내면 월탄3길 26-2,36.6082255,127.3554029,1,yes,yes,청주 메이49-10,region=청주
pending,명장복집,명장복집,명장복집,2025-09;2025-10;2025-11;2025-12;2026-01;2026-02;2026-03;2026-04;2026-07,14,명장복국 복대점,"해물,생선요리>복어요리",충청북도 청주시 흥덕구 복대동 328-1 명장복국 복대점,충청북도 청주시 흥덕구 죽천로 97-8 명장복국 복대점,36.6379642,127.4340829,5,yes,yes,청주 명장복집,"region=청주; nearest of 5 candidates, 7.4km from KNUE; re-picked (was '명장복집 율량점')"
pending,민속촌소머리국밥,민속촌소머리국밥,민속촌소머리국밥,2025-12;2026-03;2026-06;2026-07,5,민속촌소머리국밥,한식>국밥,충청북도 청주시 흥덕구 오송읍 서평리 207-6,충청북도 청주시 흥덕구 오송읍 미호천길 5,36.6034099,127.3068735,1,yes,yes,청주 민속촌소머리국밥,region=청주
pending,브라더한정식도시락,브라더한정식도시락,브라더한정식도시락,2025-12;2026-01;2026-04;2026-07,5,브라더한정식도시락 오송점,"음식점>도시락,컵밥",충청북도 청주시 흥덕구 오송읍 만수리 776 102호,충청북도 청주시 흥덕구 오송읍 연제만수길 54 102호,36.624284,127.3292328,1,yes,yes,청주 브라더한정식도시락,region=청주
pending,세종삼복낙지,세종삼복낙지,세종삼복낙지,2026-07,2,세종삼복낙지,한식>낙지요리,세종특별자치시 나성동 721 세종메디피아 102호,세종특별자치시 한누리대로 165 세종메디피아 102호,36.4798919,127.2618825,1,yes,yes,세종 세종삼복낙지,region=세종
pending,예원참치,예원참치,예원참치,2026-07,2,예원참치,음식점>일식>일식당,세종특별자치시 나성동 788,세종특별자치시 나성북1로 12,36.491114,127.2575889,1,yes,yes,세종 예원참치,region=세종
pending,잇플레이스720,잇플레이스720,잇플레이스720,2025-09;2025-10;2025-11;2025-12;2026-01;2026-02;2026-03;2026-04;2026-05;2026-06;2026-07,62,잇플레이스720,"음식점>카페,디저트",충청북도 청주시 흥덕구 강내면 탑연리 158-12 1층 잇플레이스720,충청북도 청주시 흥덕구 강내면 가로수로 560 1층 잇플레이스720,36.6239141,127.3620866,1,yes,yes,청주 잇플레이스720,region=청주
pending,카페시실리,까페시실리,까페시실리 | 까페 시실리,2025-11;2026-02;2026-03;2026-04;2026-05;2026-06;2026-07,11,카페시실리,"카페,디저트>카페",충청북도 청주시 흥덕구 강내면 탑연리 295-2,충청북도 청주시 흥덕구 강내면 가로수로 480,36.622409,127.3534501,1,yes,yes,청주 카페시실리,region=청주
rejected,투썸플레이스삼성도심공항점,투썸플레이스 삼성도심공항점,투썸플레이스 삼성도심공항점,2026-07,2,투썸플레이스 삼성도심공항점,"카페,디저트>카페",서울특별시 강남구 삼성동 154-8 1층,서울특별시 강남구 테헤란로87길 35 1층,37.5100319,127.0579548,1,no,yes,투썸플레이스삼성도심공항점,outside 청주/세종/공주/대전
pending,파리바게뜨청주강내점,파리바게뜨 청주강내점,파리바게뜨 청주강내점,2026-05;2026-07,3,파리바게뜨 청주강내점,"카페,디저트>베이커리",충청북도 청주시 흥덕구 강내면 탑연리 171-3 1층,충청북도 청주시 흥덕구 강내면 가로수로 534 1층,36.6235472,127.3594046,1,yes,yes,청주 파리바게뜨청주강내점,region=청주
pending,한상모아도시락청주본점,한상모아 도시락 청주본점,한상모아 도시락 청주본점,2025-10;2025-12;2026-01;2026-02;2026-03;2026-04;2026-05;2026-07,14,한상모아 도시락 청주본점,"음식점>도시락,컵밥",충청북도 청주시 서원구 사창동 148-3,충청북도 청주시 서원구 사직대로 107,36.6350807,127.4592912,1,yes,yes,청주 한상모아도시락청주본점,region=청주
pending,갈비만세종점,갈비만 세종점,갈비만 세종점,2025-10;2026-07,2,갈비만 세종점,"한식>육류,고기요리",세종특별자치시 고운동 2094 세종중앙타워 2층,세종특별자치시 세종로 1219 세종중앙타워 2층,36.5116349,127.2410375,1,yes,yes,세종 갈비만세종점,region=세종
pending,궁현가,궁현가,궁현가,2025-09;2025-10;2025-11;2025-12;2026-01;2026-02;2026-03;2026-04;2026-06;2026-07,21,궁현가,음식점>한식,충청북도 청주시 흥덕구 강내면 궁현리 213-21 궁현가,충청북도 청주시 흥덕구 강내면 궁현연꽃2길 10-19 궁현가,36.5790422,127.3668852,1,yes,yes,청주 궁현가,region=청주
rejected,기운쎈수산센타,기운쎈수산센타,기운쎈수산센타,2025-12;2026-01;2026-06;2026-07,6,,,,,,,0,,,기운쎈수산센타,no geocoding hit
pending,기운쎈장어,기운쎈장어,기운쎈장어,2025-09;2025-10;2025-11;2025-12;2026-01;2026-02;2026-03;2026-04;2026-05;2026-06;2026-07,33,기운쎈장어,"한식>장어,먹장어요리",충청북도 청주시 흥덕구 강내면 월탄리 135-9 1층,충청북도 청주시 흥덕구 강내면 태성탑연로 391-50 1층,36.617456,127.3539821,1,yes,yes,청주 기운쎈장어,region=청주
pending,남원추어탕,남원추어탕,남원추어탕,2025-11;2025-12;2026-01;2026-02;2026-03;2026-05;2026-07,11,남원추어탕,한식>추어탕,충청북도 청주시 흥덕구 강내면 월탄리 38-1,충청북도 청주시 흥덕구 강내면 월탄3길 9,36.6071087,127.3541234,5,yes,yes,청주 남원추어탕,"region=청주; nearest of 5 candidates, 0.6km from KNUE"
pending,네모(NEMO),네모(NEMO),네모(NEMO),2026-07,1,네모,"음식점>카페,디저트",충청북도 청주시 흥덕구 오송읍 만수리 719 1층 네모,충청북도 청주시 흥덕구 오송읍 만수길 17 1층 네모,36.6238981,127.3269630,3,yes,yes,청주 네모(NEMO),"region=청주; nearest of 3 candidates, 3.2km from KNUE; re-picked (was '커피네모')"
pending,노워리스,노워리스,노워리스,2025-09;2025-10;2026-01;2026-02;2026-05;2026-06;2026-07,7,노워리스,"카페,디저트>카페",충청북도 청주시 흥덕구 오송읍 연제리 798 1층,충청북도 청주시 흥덕구 오송읍 연제길 13 1층,36.6252838,127.3252294,1,yes,yes,청주 노워리스,region=청주
rejected,단디,단디,단디,2026-07,1,단디헤어,미용>미용실,충청북도 청주시 흥덕구 오송읍 봉산리 1380 1층,충청북도 청주시 흥덕구 오송읍 봉산1길 29-9 1층,36.6207577,127.3220327,1,yes,no,청주 단디,region=청주; category is not food/beverage
pending,달보드레,주식회사 달보드레,주식회사 달보드레,2025-09;2025-10;2025-11;2026-01;2026-03;2026-04;2026-06;2026-07,17,달보드레&amp;잡솨보리,"쇼핑,유통>전통식품",충청북도 청주시 흥덕구 강내면 월곡리 234-21 1층,충청북도 청주시 흥덕구 강내면 탑연월곡길 31-10 1층,36.6215229,127.3622796,5,yes,yes,청주 달보드레,"region=청주; nearest of 5 candidates, 1.2km from KNUE; re-picked (was '달보드레')"
pending,대도영지한우,대도영지한우,대도영지한우,2026-07,1,대도영지한우,한식>소고기구이,충청북도 청주시 흥덕구 지동동 230-3 1층 1층,충청북도 청주시 흥덕구 직지대로 180 1층 1층,36.6465000,127.4130603,5,yes,yes,청주 대도영지한우,"region=청주; nearest of 5 candidates, 6.2km from KNUE"
pending,더테라스,더테라스,더테라스,2026-07,1,트리제이 더 테라스 &amp; 홈파티,음식점>뷔페,충청북도 청주시 서원구 산남동 1085 2층,충청북도 청주시 서원구 원흥로 17 2층,36.6076058,127.4710383,5,yes,yes,청주 더테라스,"region=청주; nearest of 5 candidates, 10.0km from KNUE"
pending,디저트39한국교원대점,디저트39 한국교원대점,디저트39 한국교원대점,2025-10;2025-11;2025-12;2026-01;2026-02;2026-03;2026-04;2026-05;2026-06;2026-07,14,디저트39 한국교원대점,"카페,디저트>카페",충청북도 청주시 흥덕구 강내면 탑연리 339 디저트39 한국교원대점,충청북도 청주시 흥덕구 강내면 태성탑연로 386 디저트39 한국교원대점,36.6173791,127.3559085,1,yes,yes,청주 디저트39한국교원대점,region=청주
pending,떡마마청주오송점,떡마마 청주오송점,떡마마 청주오송점,2026-04;2026-05;2026-07,3,떡마마 청주오송점,"전통식품>떡,한과",충청북도 청주시 흥덕구 오송읍 연제리 718 1층 101호,충청북도 청주시 흥덕구 오송읍 오송생명5로 184-4 1층 101호,36.6305627,127.3297356,1,yes,yes,청주 떡마마청주오송점,region=청주
rejected,뚜레음성점,뚜레 음성점,뚜레 음성점,2026-07,1,뚜레한우 음성점,한식>소고기구이,충청북도 음성군 대소면 소석리 8-1,충청북도 음성군 대소면 대금로 666,36.970632,127.5105281,1,no,yes,뚜레음성점,outside 청주/세종/공주/대전
rejected,뚜레쥬르강릉내곡점,뚜레쥬르 강릉내곡점,뚜레쥬르 강릉내곡점,2026-07,1,뚜레쥬르 강릉내곡점,"카페,디저트>베이커리",강원특별자치도 강릉시 내곡동 459-11,강원특별자치도 강릉시 범일로 653,37.7448013,128.8838375,1,no,yes,뚜레쥬르강릉내곡점,outside 청주/세종/공주/대전
rejected,로네펠트티하우스,로네펠트 티하우스,로네펠트 티하우스,2026-07,1,로네펠트티하우스 선릉점,"음식점>카페,디저트",서울특별시 강남구 삼성동 142-21 명지빌딩 1층,서울특별시 강남구 테헤란로69길 13 명지빌딩 1층,37.5067706,127.0522206,5,no,yes,로네펠트티하우스,"outside 청주/세종/공주/대전; nearest of 5 candidates, 103.3km from KNUE; re-picked (was '로네펠트티하우스 광화문점')"
rejected,르사이공(코엑스점),르사이공(코엑스점),르사이공(코엑스점),2025-12;2026-07,2,,,,,,,0,,,르사이공(코엑스점),no geocoding hit
pending,마라탕양꼬치오송점,마라탕양꼬치 오송점,마라탕양꼬치 오송점,2025-11;2026-01;2026-05;2026-07,7,태양부양꼬치 오송점,중식>양꼬치,충청북도 청주시 흥덕구 오송읍 만수리 852 1층 101호,충청북도 청주시 흥덕구 오송읍 오송생명5로 267-8 1층 101호,36.6232294,127.3257094,1,yes,yes,청주 마라탕양꼬치오송점,region=청주
pending,말랑떡공방,말랑떡공방,말랑떡공방,2026-04;2026-07,3,말랑떡공방,"전통식품>떡,한과",충청북도 청주시 상당구 금천동 131-58 1층 말랑떡공방,충청북도 청주시 상당구 수영로 210-1 1층 말랑떡공방,36.623442,127.5038663,1,yes,yes,청주 말랑떡공방,region=청주
rejected,모시울,모시울,모시울,2025-11;2025-12;2026-04;2026-07,4,모시울,지명>행정지명,충청북도 청주시 흥덕구 오송읍 상봉리,,36.6398071,127.2859375,1,yes,no,청주 모시울,region=청주; category is not food/beverage
pending,본도시락,본도시락,본도시락,2025-09;2025-11;2025-12;2026-01;2026-03;2026-04;2026-05;2026-06;2026-07,21,본도시락 오송점,"음식점>도시락,컵밥",충청북도 청주시 흥덕구 오송읍 연제리 715 113호,충청북도 청주시 흥덕구 오송읍 오송생명로 186 113호,36.6311892,127.3296024,5,yes,yes,청주 본도시락,"region=청주; nearest of 5 candidates, 3.4km from KNUE; re-picked (was '본도시락 청주복대점')"
pending,본도시락오송점,본도시락 오송점,본도시락 오송점,2025-09;2025-10;2025-11;2025-12;2026-01;2026-03;2026-04;2026-05;2026-06;2026-07,37,본도시락 오송점,"음식점>도시락,컵밥",충청북도 청주시 흥덕구 오송읍 연제리 715 113호,충청북도 청주시 흥덕구 오송읍 오송생명로 186 113호,36.6311892,127.3296024,1,yes,yes,청주 본도시락오송점,region=청주
pending,봉산고기,봉산고기,봉산고기,2026-07,1,봉산고기 청주오송본점,"한식>육류,고기요리","충청북도 청주시 흥덕구 오송읍 봉산리 1005 104, 105호 봉산고기 청주오송본점","충청북도 청주시 흥덕구 오송읍 봉산2길 18 104, 105호 봉산고기 청주오송본점",36.6191504,127.3174753,1,yes,yes,청주 봉산고기,region=청주
pending,브라더한정식도시락오송점,브라더한정식도시락 오송점,브라더한정식도시락 오송점,2025-11;2026-07,2,브라더한정식도시락 오송점,"음식점>도시락,컵밥",충청북도 청주시 흥덕구 오송읍 만수리 776 102호,충청북도 청주시 흥덕구 오송읍 연제만수길 54 102호,36.624284,127.3292328,1,yes,yes,청주 브라더한정식도시락오송점,region=청주
pending,브리드커피한국교원대2호점,브리드커피 한국교원대2호점,브리드커피 한국교원대2호점,2025-10;2026-07,2,브리드커피 한국교원대2호점,"음식점>카페,디저트",충청북도 청주시 흥덕구 강내면 다락리 산7 국제연수원 1층,충청북도 청주시 흥덕구 강내면 태성탑연로 250 국제연수원 1층,36.6134687,127.3564676,1,yes,yes,청주 브리드커피한국교원대2호점,region=청주
pending,브리드커피한국교원대점,브리드커피 한국교원대점,브리드커피 한국교원대점,2025-09;2025-10;2025-11;2025-12;2026-01;2026-04;2026-05;2026-06;2026-07,43,브리드커피 한국교원대점,"음식점>카페,디저트",충청북도 청주시 흥덕구 강내면 다락리 산7 학생회관 1층,충청북도 청주시 흥덕구 강내면 태성탑연로 250 학생회관 1층,36.6083878,127.3597916,1,yes,yes,청주 브리드커피한국교원대점,region=청주
pending,삿뽀로,삿뽀로,삿뽀로,2026-01;2026-07,2,삿뽀로 청주점,음식점>일식>일식당,충청북도 청주시 흥덕구 강서동 495,충청북도 청주시 흥덕구 2순환로 1250,36.624557,127.430783,1,yes,yes,청주 삿뽀로,region=청주
pending,쇼쿠도,쇼쿠도,쇼쿠도,2026-07,1,카츠와이찌,음식점>일식>돈가스,세종특별자치시 아름동 1293 해피라움2차 132호 카츠와이찌,세종특별자치시 보듬3로 92 해피라움2차 132호 카츠와이찌,36.5120168,127.2491152,1,yes,yes,세종 쇼쿠도,region=세종
pending,슈퍼막회,슈퍼막회,슈퍼막회,2026-07,1,슈퍼막회 오송점,한식>생선회,충청북도 청주시 흥덕구 오송읍 봉산리 1157 1층 101호,충청북도 청주시 흥덕구 오송읍 오송생명12로 52 1층 101호,36.6218479,127.3187014,5,yes,yes,청주 슈퍼막회,"region=청주; nearest of 5 candidates, 3.8km from KNUE; re-picked (was '슈퍼막회 율량3지구점')"
pending,스시88,스시88,스시88,2025-10;2025-11;2025-12;2026-01;2026-02;2026-03;2026-04;2026-05;2026-06;2026-07,25,스시88,"음식점>일식>초밥,롤",충청북도 청주시 흥덕구 오송읍 연제리 673 103호,충청북도 청주시 흥덕구 오송읍 오송생명로 161 103호,36.6324555,127.3275474,2,yes,yes,청주 스시88,"region=청주; nearest of 2 candidates, 3.7km from KNUE"
pending,신토불이,신토불이,신토불이,2025-09;2025-10;2025-11;2025-12;2026-01;2026-02;2026-03;2026-04;2026-05;2026-06;2026-07,25,신토불이 교원대점,한식>오리요리,충청북도 청주시 흥덕구 강내면 탑연리 317-10 신토불이 교원대점,충청북도 청주시 흥덕구 강내면 태성탑연로 399 신토불이 교원대점,36.6188431,127.3564631,5,yes,yes,청주 신토불이,"region=청주; nearest of 5 candidates, 0.9km from KNUE"
rejected,씨유한국교원대점,씨유한국교원대점,씨유한국교원대점,2026-07,1,CU 한국교원대점,"생활,편의>편의점",충청북도 청주시 흥덕구 강내면 월탄리 36-3 월탄리,충청북도 청주시 흥덕구 강내면 태성탑연로 256 (월탄리),36.6071157,127.3536545,1,yes,no,청주 씨유한국교원대점,region=청주; category is not food/beverage
pending,아람보쌈족발,아람보쌈족발,아람보쌈족발,2026-05;2026-07,2,아람보쌈족발,"한식>족발,보쌈",충청북도 청주시 흥덕구 강내면 탑연리 178-8 아람보쌈족발,충청북도 청주시 흥덕구 강내면 탑연1길 7-12 아람보쌈족발,36.6224557,127.3592658,1,yes,yes,청주 아람보쌈족발,region=청주
pending,에브리앙,에브리앙,에브리앙,2025-09;2025-10;2025-11;2025-12;2026-01;2026-03;2026-04;2026-05;2026-06;2026-07,17,에브리앙,음식점>브런치,충청북도 청주시 흥덕구 강내면 황탄리 4-1 1층 에브리앙 브런치 카페,충청북도 청주시 흥덕구 강내면 황탄리길 236 1층 에브리앙 브런치 카페,36.605433,127.3537026,1,yes,yes,청주 에브리앙,region=청주
pending,연화낙지,연화낙지,연화낙지,2025-09;2025-10;2025-11;2025-12;2026-01;2026-02;2026-05;2026-07,11,연화낙지,음식점>한식,충청북도 청주시 흥덕구 오송읍 연제리 766,충청북도 청주시 흥덕구 오송읍 연제길 12,36.6254649,127.3251002,1,yes,yes,청주 연화낙지,region=청주
pending,오복누룽지삼계탕,오복누룽지삼계탕,오복누룽지삼계탕,2026-03;2026-04;2026-06;2026-07,6,오복누룽지삼계탕 청주강내점,"한식>백숙,삼계탕",충청북도 청주시 흥덕구 강내면 월곡리 74-1,충청북도 청주시 흥덕구 강내면 상월곡길 61,36.6186107,127.3726876,2,yes,yes,청주 오복누룽지삼계탕,"region=청주; nearest of 2 candidates, 1.5km from KNUE; re-picked (was '오복누룽지삼계탕 청주성화점')"
pending,오복누룽지삼계탕청주강내점,오복누룽지삼계탕 청주강내점,오복누룽지삼계탕 청주강내점,2026-06;2026-07,2,오복누룽지삼계탕 청주강내점,"한식>백숙,삼계탕",충청북도 청주시 흥덕구 강내면 월곡리 74-1,충청북도 청주시 흥덕구 강내면 상월곡길 61,36.6186107,127.3726876,1,yes,yes,청주 오복누룽지삼계탕청주강내점,region=청주
pending,와우담,와우담,와우담,2026-04;2026-07,2,와우담,한식>소고기구이,"충청북도 청주시 흥덕구 오송읍 연제리 829 1층, 2층","충청북도 청주시 흥덕구 오송읍 오송생명3로 155 1층, 2층",36.6243969,127.3254563,1,yes,yes,청주 와우담,region=청주
rejected,우공뭉티기(수서점),우공뭉티기(수서점),우공뭉티기(수서점),2026-07,1,,,,,,,0,,,우공뭉티기(수서점),no geocoding hit
rejected,위드쿠잉,위드쿠잉,위드쿠잉,2025-09;2025-11;2026-01;2026-03;2026-04;2026-05;2026-06;2026-07,13,브런치카페 위드쿠잉주차장,교통시설>주차장,충청북도 청주시 흥덕구 지동동 488-6,,36.6484436,127.4080434,2,yes,no,청주 위드쿠잉,"region=청주; category is not food/beverage; nearest of 2 candidates, 6.0km from KNUE; re-picked (was '브런치레스토랑카페 위드쿠잉')"
pending,이디야청주강내점,이디야 청주강내점,이디야 청주강내점,2026-06;2026-07,3,이디야커피 청주강내점,"카페,디저트>카페",충청북도 청주시 흥덕구 강내면 월곡리 228-13 1층 1호,충청북도 청주시 흥덕구 강내면 탑연월곡길 71 1층 1호,36.6232023,127.3640627,1,yes,yes,청주 이디야청주강내점,region=청주
rejected,이디야청주역점,이디야 청주역점,이디야 청주역점,2026-07,1,,,,,,,0,,,이디야청주역점,no geocoding hit
pending,이디야커피청주강내점,이디야커피 청주강내점,이디야커피 청주강내점,2025-09;2025-10;2025-11;2026-01;2026-03;2026-07,10,이디야커피 청주강내점,"카페,디저트>카페",충청북도 청주시 흥덕구 강내면 월곡리 228-13 1층 1호,충청북도 청주시 흥덕구 강내면 탑연월곡길 71 1층 1호,36.6232023,127.3640627,1,yes,yes,청주 이디야커피청주강내점,region=청주
pending,이자카야탕,이자카야탕,이자카야탕,2025-10;2026-01;2026-04;2026-05;2026-06;2026-07,8,이자카야 탕 오송본점,술집>이자카야,충청북도 청주시 흥덕구 오송읍 봉산리 1173 1층 이자카야 탕 오송본점,충청북도 청주시 흥덕구 오송읍 봉산2길 45-3 1층 이자카야 탕 오송본점,36.62187,127.3194397,1,yes,yes,청주 이자카야탕,region=청주
pending,주문진물회,주문진물회,주문진물회,2026-03;2026-06;2026-07,3,주문진 물회 탕구이,한식>생선구이,충청북도 청주시 흥덕구 오송읍 만수리 754,충청북도 청주시 흥덕구 오송읍 만수길 20,36.6238898,127.3273156,1,yes,yes,청주 주문진물회,region=청주
pending,청주강내파리바게뜨,청주강내 파리바게뜨,청주강내 파리바게뜨,2025-10;2026-01;2026-03;2026-04;2026-05;2026-07,9,파리바게뜨 청주강내점,"카페,디저트>베이커리",충청북도 청주시 흥덕구 강내면 탑연리 171-3 1층,충청북도 청주시 흥덕구 강내면 가로수로 534 1층,36.6235472,127.3594046,1,yes,yes,청주 청주강내파리바게뜨,region=청주
pending,초미락,초미락,초미락,2026-07,1,초미락,음식점>일식>일식당,충청북도 청주시 흥덕구 오송읍 봉산리 1401 1층 102호,충청북도 청주시 흥덕구 오송읍 오송생명12로 22 1층 102호,36.6198044,127.3209849,1,yes,yes,청주 초미락,region=청주
pending,충돈,충돈,충돈,2025-09;2025-10;2025-11;2025-12;2026-01;2026-02;2026-03;2026-04;2026-05;2026-07,18,충돈 삼겹살 강내 교원대점,한식>돼지고기구이,충청북도 청주시 흥덕구 강내면 탑연리 279-9 1층,충청북도 청주시 흥덕구 강내면 태성탑연로 443 1층,36.6219016,127.3578954,1,yes,yes,청주 충돈,region=청주
pending,카페그니,카페그니,카페그니,2025-09;2026-04;2026-07,3,카페그니,"음식점>카페,디저트",충청북도 청주시 흥덕구 오송읍 쌍청리 436-16 카페그니,충청북도 청주시 흥덕구 오송읍 오송가락로 351 카페그니,36.6360276,127.3387941,1,yes,yes,청주 카페그니,region=청주
rejected,캘리포니아피자키친,캘리포니아피자키친,캘리포니아피자키친,2026-07,1,캘리포니아피자키친 서울랜드점,음식점>피자,경기도 과천시 막계동 33 1층,경기도 과천시 광명로 181 1층,37.4344400,127.0230937,2,no,yes,캘리포니아피자키친,"outside 청주/세종/공주/대전; nearest of 2 candidates, 96.3km from KNUE; re-picked (was '캘리포니아피자키친 코엑스점')"
pending,테라로사,테라로사,테라로사,2026-07,1,테라로사 청주지웰시티점,"카페,디저트>카페",충청북도 청주시 흥덕구 복대동 3381 지웰시티몰2차 1층 테라로사,충청북도 청주시 흥덕구 대농로 47-1 지웰시티몰2차 1층 테라로사,36.6433397,127.427835,1,yes,yes,청주 테라로사,region=청주
pending,토속김치찌개,토속김치찌개,토속김치찌개,2025-12;2026-01;2026-05;2026-07,4,토속김치찌개,"한식>찌개,전골",충청북도 청주시 흥덕구 오송읍 만수리 714 토속김치찌개,충청북도 청주시 흥덕구 오송읍 만수길 27-1 토속김치찌개,36.6244459,127.3276284,2,yes,yes,청주 토속김치찌개,"region=청주; nearest of 2 candidates, 3.2km from KNUE"
pending,파동쭈꾸미,파동 쭈꾸미,파동 쭈꾸미,2026-07,1,파동쭈꾸미삼겹살 강내오송점,한식>주꾸미요리,충청북도 청주시 흥덕구 강내면 탑연리 306-2 1층 (사무소 입구),충청북도 청주시 흥덕구 강내면 태성탑연로 435 1층 (강내면사무소 입구),36.6211509,127.3582062,1,yes,yes,청주 파동쭈꾸미,region=청주
rejected,파리바게뜨시흥은계점,파리바게뜨 시흥은계점,파리바게뜨 시흥은계점,2026-07,1,파리바게뜨 시흥은계점,"카페,디저트>베이커리",경기도 시흥시 은행동 645-1 645-1 103-105호,경기도 시흥시 은계번영길 2 (은행동 645-1) 103-105호,37.4365067,126.8021182,1,no,yes,파리바게뜨시흥은계점,outside 청주/세종/공주/대전
pending,파리바게뜨오송파라곤점,파리바게뜨 오송파라곤점,파리바게뜨 오송파라곤점,2026-07,1,파리바게뜨 오송파라곤점,"카페,디저트>베이커리","충청북도 청주시 흥덕구 오송읍 봉산리 988 1동 101, 102호","충청북도 청주시 흥덕구 오송읍 오송생명7로 146 1동 101, 102호",36.6204509,127.3160766,1,yes,yes,청주 파리바게뜨오송파라곤점,region=청주
pending,파리바게뜨청원오송점,파리바게뜨 청원오송점,파리바게뜨 청원오송점,2026-07,1,파리바게뜨 청원오송점,"카페,디저트>베이커리",충청북도 청주시 흥덕구 오송읍 연제리 715 파리바게뜨,충청북도 청주시 흥덕구 오송읍 오송생명로 186 파리바게뜨,36.6310695,127.3299254,1,yes,yes,청주 파리바게뜨청원오송점,region=청주
pending,퍼즈,퍼즈,퍼즈,2026-07,1,퍼즈,"음식점>카페,디저트",충청북도 청주시 흥덕구 오송읍 만수리 850 101호,충청북도 청주시 흥덕구 오송읍 오송생명5로 267-4 101호,36.6235527,127.3252769,1,yes,yes,청주 퍼즈,region=청주
rejected,페이홍러우삼성점,페이홍러우 삼성점,페이홍러우 삼성점,2026-07,1,페이홍러우 삼성점,중식>중식당,서울특별시 강남구 삼성동 154-8 B1F,서울특별시 강남구 테헤란로87길 35 B1F,37.5100009,127.0578448,1,no,yes,페이홍러우삼성점,outside 청주/세종/공주/대전
rejected,폴리스파르나스몰점,폴리스 파르나스몰점,폴리스 파르나스몰점,2026-07,1,폴리스 파르나스몰점,음식점>양식>피자,서울특별시 강남구 삼성동 159-8 f-13호,서울특별시 강남구 테헤란로 521 f-13호,37.5092694,127.0604532,1,no,yes,폴리스파르나스몰점,outside 청주/세종/공주/대전
rejected,프릇프릇,프릇프릇,프릇프릇,2026-04;2026-07,3,프릇프릇 복대점,"쇼핑,유통>과일",충청북도 청주시 흥덕구 복대동 1584-1 . 101호,충청북도 청주시 흥덕구 내수동로42번길 54 . 101호,36.6309009,127.4502229,3,yes,no,청주 프릇프릇,"region=청주; category is not food/beverage; nearest of 3 candidates, 8.4km from KNUE; re-picked (was '과일바구니 프릇프릇 청주본점')"
pending,한마음정육식당세종보람점,한마음정육식당세종보람점,한마음정육식당세종보람점,2025-11;2025-12;2026-01;2026-07,6,한마음정육식당 세종보람점,"음식점>한식>육류,고기요리",세종특별자치시 보람동 712 201호~205호,세종특별자치시 시청대로 219 201호~205호,36.4840179,127.2938563,1,yes,yes,세종 한마음정육식당세종보람점,region=세종
pending,한상,한상,한상,2025-10;2025-12;2026-01;2026-03;2026-07,5,한상,음식점>한식,충청북도 청주시 흥덕구 강서동 204-36 주건축물 제1동 1층,충청북도 청주시 흥덕구 가포산로 200 주건축물 제1동 1층,36.6148386,127.4211733,5,yes,yes,청주 한상,"region=청주; nearest of 5 candidates, 5.6km from KNUE"
pending,휴식공간,휴식공간,휴식공간,2025-09;2025-10;2025-11;2025-12;2026-01;2026-02;2026-03;2026-04;2026-07,43,휴식공간,음식점>한식,충청북도 청주시 흥덕구 강내면 월곡리 284-4,충청북도 청주시 흥덕구 강내면 월곡길 20-19,36.6222368,127.3680046,5,yes,yes,청주 휴식공간,"region=청주; nearest of 5 candidates, 1.5km from KNUE"
pending,동근이숯불두마리치킨,동근이숯불두마리치킨,동근이숯불두마리치킨,2025-09;2025-11;2025-12;2026-03;2026-04;2026-05,16,동근이숯불두마리치킨 오송점,"음식점>치킨,닭강정",충청북도 청주시 흥덕구 강내면 월탄리 49-9,충청북도 청주시 흥덕구 강내면 월탄3길 26-4,36.6082381,127.3557886,5,yes,yes,청주 동근이숯불두마리치킨,"region=청주; nearest of 5 candidates, 0.4km from KNUE"
pending,브리드커피,브리드커피,브리드커피,2025-09;2025-10;2025-11;2026-01;2026-02;2026-03;2026-04;2026-05,22,브리드커피 한국교원대점,"음식점>카페,디저트",충청북도 청주시 흥덕구 강내면 다락리 산7 학생회관 1층,충청북도 청주시 흥덕구 강내면 태성탑연로 250 학생회관 1층,36.6083878,127.3597916,2,yes,yes,청주 브리드커피,"region=청주; nearest of 2 candidates, 0.3km from KNUE"
pending,청주강내파리바게트,청주강내 파리바게트,청주강내 파리바게트,2025-09;2025-10;2025-11;2026-01;2026-04;2026-05;2026-06,23,파리바게뜨 청주강내점,"카페,디저트>베이커리",충청북도 청주시 흥덕구 강내면 탑연리 171-3 1층,충청북도 청주시 흥덕구 강내면 가로수로 534 1층,36.6235472,127.3594046,1,yes,yes,청주 청주강내파리바게트,region=청주
pending,힐링톡,힐링톡,힐링톡,2025-09;2025-10;2025-11;2025-12;2026-01;2026-04;2026-05;2026-06,25,힐링톡,음식점>한식뷔페,충청북도 청주시 서원구 산남동 699 1층,충청북도 청주시 서원구 두꺼비로60번길 11-15 1층,36.6105941,127.4652964,1,yes,yes,청주 힐링톡,region=청주
rejected,콘벨트,콘벨트,콘벨트,2025-09,3,동일콘벨트테크,"기계,장비제조>산업용기계제조","대전광역시 대덕구 대화동 289-1 산업용재유통단지 9동 121, 122","대전광역시 대덕구 대화로 160 산업용재유통단지 9동 121, 122",36.3668845,127.4017653,1,yes,no,대전 콘벨트,region=대전; category is not food/beverage
rejected,태기산막국수,태기산 막국수,태기산 막국수 | 태기산막국수,2025-09,3,흥업태기산막국수,음식점>한식,강원특별자치도 원주시 흥업면 흥업리 727-1,강원특별자치도 원주시 흥업면 남원로 111-17,37.3068799,127.9191600,5,no,yes,태기산막국수,"outside 청주/세종/공주/대전; nearest of 5 candidates, 92.0km from KNUE; re-picked (was '태기산막국수')"
rejected,CU한국교원대학생회관점,CU한국교원대학생회관점,CU한국교원대학생회관점 | CU 한국교원대학생회관점,2025-09;2025-10;2025-11;2025-12;2026-01;2026-05;2026-06,15,CU 한국교원대학생회관점,"생활,편의>편의점",충청북도 청주시 흥덕구 강내면 다락리 산7,충청북도 청주시 흥덕구 강내면 태성탑연로 250,36.6109885,127.3588709,1,yes,no,청주 CU한국교원대학생회관점,region=청주; category is not food/beverage
pending,기운센장어,기운센장어,기운센장어,2025-09;2026-01;2026-03,4,기운쎈장어,"한식>장어,먹장어요리",충청북도 청주시 흥덕구 강내면 월탄리 135-9 1층,충청북도 청주시 흥덕구 강내면 태성탑연로 391-50 1층,36.617456,127.3539821,1,yes,yes,청주 기운센장어,region=청주
pending,동대문곱창막창,동대문곱창막창,동대문곱창막창,2025-09;2025-10;2025-11;2026-01;2026-04;2026-05,11,동대문곱창막창 교원대점,"한식>곱창,막창,양",충청북도 청주시 흥덕구 강내면 월탄리 90,충청북도 청주시 흥덕구 강내면 태성탑연로 262,36.6076758,127.3531197,2,yes,yes,청주 동대문곱창막창,"region=청주; nearest of 2 candidates, 0.6km from KNUE"
pending,리버뷰,리버뷰,리버뷰,2025-09;2025-10;2025-11;2026-01;2026-02;2026-03;2026-04;2026-05,16,리버뷰,"카페,디저트>카페",충청북도 청주시 흥덕구 강내면 월탄리 231-17 1층,충청북도 청주시 흥덕구 강내면 월탄2길 65-15 1층,36.6115749,127.3499407,2,yes,yes,청주 리버뷰,"region=청주; nearest of 2 candidates, 0.8km from KNUE; re-picked (was '아도르')"
pending,산하춘,산하춘,산하춘,2025-09;2025-10;2025-11;2025-12;2026-01;2026-02;2026-03;2026-04;2026-06;2026-07,26,산하춘,한식>한정식,충청북도 청주시 흥덕구 강내면 월탄리 242,충청북도 청주시 흥덕구 강내면 월탄1길 15-11,36.6110972,127.3523268,1,yes,yes,청주 산하춘,region=청주
pending,아도르,아도르,아도르,2025-09;2025-12;2026-04;2026-06;2026-07,7,아도르,"음식점>카페,디저트",충청북도 청주시 흥덕구 강내면 월탄리 231-9 아도르 카페,충청북도 청주시 흥덕구 강내면 월탄2길 65-24 아도르 카페,36.6111858,127.3490199,1,yes,yes,청주 아도르,region=청주
pending,오송스시88,오송스시88,오송스시88,2025-09,2,스시88,"음식점>일식>초밥,롤",충청북도 청주시 흥덕구 오송읍 연제리 673 103호,충청북도 청주시 흥덕구 오송읍 오송생명로 161 103호,36.6324555,127.3275474,1,yes,yes,청주 오송스시88,region=청주
rejected,찰찰커피,찰찰커피,찰찰커피,2025-09,2,,,,,,,0,,,찰찰커피,no geocoding hit
pending,춘향고을남원추어탕,춘향고을남원추어탕,춘향고을남원추어탕,2025-09;2025-11;2025-12;2026-01;2026-03,8,춘향고을남원추어탕,한식>추어탕,충청북도 청주시 흥덕구 강내면 사인리 313-1 1층 남원추어탕,충청북도 청주시 흥덕구 강내면 사인2길 9 1층 남원추어탕,36.6286558,127.3730744,2,yes,yes,청주 춘향고을남원추어탕,"region=청주; nearest of 2 candidates, 2.3km from KNUE"
pending,충청한우대가,충청한우대가,충청한우대가,2025-09;2025-10;2025-11;2025-12;2026-01;2026-02;2026-03;2026-04;2026-05;2026-06,39,충청한우대가,"육류,고기요리>정육식당",충청북도 청주시 흥덕구 강내면 월곡리 364-1 1층,충청북도 청주시 흥덕구 강내면 탑연월곡길 48 1층,36.6205042,127.3639580,2,yes,yes,청주 충청한우대가,"region=청주; nearest of 2 candidates, 1.2km from KNUE"
rejected,컬쳐푸드한국교원대점,컬쳐푸드한국교원대점,컬쳐푸드한국교원대점,2025-09;2025-10,3,,,,,,,0,,,컬쳐푸드한국교원대점,no geocoding hit
pending,탑연골,탑연골,탑연골,2025-09;2025-11;2025-12;2026-02;2026-04;2026-05,9,탑연골,음식점>한식,충청북도 청주시 흥덕구 강내면 탑연리 118-14,충청북도 청주시 흥덕구 강내면 탑연길 3-6,36.6210979,127.3600487,1,yes,yes,청주 탑연골,region=청주
pending,포이드캐롯,주식회사포이드캐롯,주식회사포이드캐롯,2025-09;2025-10;2025-11;2026-01;2026-02;2026-03;2026-05;2026-06;2026-07,14,포이드캐롯,"카페,디저트>베이커리",충청북도 청주시 흥덕구 휴암동 262-5,충청북도 청주시 흥덕구 가포산로 39-18,36.6200556,127.4061624,2,yes,yes,청주 포이드캐롯,"region=청주; nearest of 2 candidates, 4.3km from KNUE"
pending,한상모아도시락,한상모아도시락,한상모아도시락,2025-09;2025-11;2025-12;2026-01;2026-03;2026-05,12,한상모아 도시락 청주본점,"음식점>도시락,컵밥",충청북도 청주시 서원구 사창동 148-3,충청북도 청주시 서원구 사직대로 107,36.6350807,127.4592912,1,yes,yes,청주 한상모아도시락,region=청주
pending,(오송)피자마루,(오송)피자마루,(오송)피자마루,2025-09,1,피자마루 충북오송점,음식점>피자,충청북도 청주시 흥덕구 오송읍 연제리 722 106호,충청북도 청주시 흥덕구 오송읍 오송생명5로 184-6 106호,36.6308541,127.3293623,2,yes,yes,청주 (오송)피자마루,"region=청주; nearest of 2 candidates, 3.4km from KNUE"
rejected,CU,CU,CU,2025-09;2025-10;2025-11;2025-12;2026-01;2026-03;2026-04;2026-05,10,CU 오송파라곤2차점,"생활,편의>편의점",충청북도 청주시 흥덕구 오송읍 봉산리 1514 오송역파라곤센트럴시티2차 상가동,충청북도 청주시 흥덕구 오송읍 오송생명7로 105 오송역파라곤센트럴시티2차 상가동,36.6192263,127.3120357,5,yes,no,청주 CU,"region=청주; category is not food/beverage; nearest of 5 candidates, 4.3km from KNUE"
rejected,갈고두뚝배기조림,갈고두 뚝배기조림,갈고두 뚝배기조림,2025-09;2026-03,3,,,,,,,0,,,갈고두뚝배기조림,no geocoding hit
pending,고메스퀘어오송점,고메스퀘어 오송점,고메스퀘어 오송점,2025-09;2025-10;2025-11;2025-12;2026-01;2026-03;2026-05;2026-06,36,고메스퀘어 오송점,"음식점>일식,초밥뷔페",충청북도 청주시 흥덕구 오송읍 연제리 665 1층,충청북도 청주시 흥덕구 오송읍 오송생명5로 166 1층,36.6323721,127.3301088,1,yes,yes,청주 고메스퀘어오송점,region=청주
pending,공감36.5,공감 36.5,공감 36.5,2025-09;2025-11;2026-04,4,36.5공감,"음식점>카페,디저트",충청북도 청주시 흥덕구 강내면 탑연리 338-2,충청북도 청주시 흥덕구 강내면 태성탑연로 390,36.6177543,127.3561614,1,yes,yes,청주 공감36.5,region=청주
pending,공차,공차,공차,2025-09;2026-06,2,공차 청주가경점,"카페,디저트>차",충청북도 청주시 흥덕구 가경동 1555 101호,충청북도 청주시 흥덕구 가경로 10 101호,36.6170359,127.4439042,5,yes,yes,청주 공차,"region=청주; nearest of 5 candidates, 7.6km from KNUE; re-picked (was '공차 청주오창점')"
rejected,기장혼국보미역본점,기장혼국보미역 본점,기장혼국보미역 본점,2025-09,1,,,,,,,0,,,기장혼국보미역본점,no geocoding hit
pending,김가네한정식,김가네한정식,김가네한정식,2025-09;2025-11;2025-12;2026-01;2026-02,9,김가네한정식,한식>한정식,충청북도 청주시 흥덕구 오송읍 연제리 441-4,충청북도 청주시 흥덕구 오송읍 연제길 147,36.6283695,127.3133878,1,yes,yes,청주 김가네한정식,region=청주
pending,꿀삼겹,꿀삼겹,꿀삼겹,2025-09,1,꿀삼겹,한식>돼지고기구이,충청북도 청주시 흥덕구 가경동 1461-2 1층,충청북도 청주시 흥덕구 경산로 6 1층,36.6230683,127.4331087,1,yes,yes,청주 꿀삼겹,region=청주
pending,나루,나루,나루,2025-09;2025-10;2025-11;2025-12;2026-01;2026-03;2026-04,13,나루,"음식점>일식>초밥,롤",충청북도 청주시 흥덕구 오송읍 봉산리 1205 101호,충청북도 청주시 흥덕구 오송읍 봉산2길 55-14 101호,36.6229647,127.3199934,5,yes,yes,청주 나루,"region=청주; nearest of 5 candidates, 3.7km from KNUE"
pending,남한강,남한강,남한강,2025-09;2025-10;2025-12;2026-01;2026-02;2026-03,8,남한강,"한식>육류,고기요리",충청북도 청주시 흥덕구 오송읍 연제리 827,충청북도 청주시 흥덕구 오송읍 오송생명3로 151,36.6247022,127.3251304,4,yes,yes,청주 남한강,"region=청주; nearest of 4 candidates, 3.4km from KNUE"
pending,다낭,다낭,다낭,2025-09;2025-12;2026-03;2026-05,5,다낭,음식점>베트남음식,충청북도 청주시 흥덕구 오송읍 연제리 719,충청북도 청주시 흥덕구 오송읍 오송생명3로 65-22,36.6312270,127.3283114,3,yes,yes,청주 다낭,"region=청주; nearest of 3 candidates, 3.5km from KNUE"
rejected,다낭오송본점,다낭 오송본점,다낭 오송본점,2025-09;2025-10;2025-11;2026-05,4,,,,,,,0,,,다낭오송본점,no geocoding hit
pending,다원쿠키떡,다원쿠키떡,다원쿠키떡,2025-09;2025-10;2025-11;2026-01,7,다원쿠키떡,제조업>떡류제조,충청북도 청주시 상당구 용정동 706 다원쿠키떡,충청북도 청주시 상당구 영운천로 161 다원쿠키떡,36.6232536,127.5142411,1,yes,yes,청주 다원쿠키떡,region=청주
pending,달보드레잡솨보리,달보드레잡솨보리,달보드레잡솨보리,2025-09;2025-10;2025-11;2026-01;2026-04;2026-05;2026-06;2026-08,10,달보드레&amp;잡솨보리,"쇼핑,유통>전통식품",충청북도 청주시 흥덕구 강내면 월곡리 234-21 1층,충청북도 청주시 흥덕구 강내면 탑연월곡길 31-10 1층,36.6215229,127.3622796,1,yes,yes,청주 달보드레잡솨보리,region=청주
pending,대지식당,대지식당,대지식당,2025-09,1,가야대지촌,음식점>한식,충청북도 청주시 청원구 율량동 863 .1층 101호,충청북도 청주시 청원구 충청대로 151 .1층 101호,36.6697179,127.4949745,1,yes,yes,청주 대지식당,region=청주
pending,도시락청주본점,도시락청주본점,도시락청주본점,2025-09,1,도시락정거장 본점,음식점>일식>돈가스,충청북도 청주시 흥덕구 복대동 2031,충청북도 청주시 흥덕구 장구봉로101번길 70-2,36.6271479,127.4433388,5,yes,yes,청주 도시락청주본점,"region=청주; nearest of 5 candidates, 7.7km from KNUE; re-picked (was '한상모아 도시락 청주본점')"
rejected,독립밀방,독립밀방,독립밀방,2025-09,1,독립밀방 서울역,음식점>양식,서울특별시 용산구 동자동 43-205 서울역사 4층 독립밀방,서울특별시 용산구 한강대로 405 서울역사 4층 독립밀방,37.5542028,126.9708885,4,no,yes,독립밀방,"outside 청주/세종/공주/대전; nearest of 4 candidates, 110.4km from KNUE; re-picked (was '독립밀방 익선')"
pending,두꺼비집,두꺼비집,두꺼비집,2025-09,1,두꺼비식당청주점,"음식점>한식>육류,고기요리",충청북도 청주시 흥덕구 복대동 2711,충청북도 청주시 흥덕구 진재로31번길 29,36.6334080,127.4278050,5,yes,yes,청주 두꺼비집,"region=청주; nearest of 5 candidates, 6.6km from KNUE"
rejected,디자인박스,디자인박스,디자인박스,2025-09,1,디자인바디,"교육,학문>댄스교육",충청북도 청주시 흥덕구 가경동 1972 2층,충청북도 청주시 흥덕구 서현중로 31 2층,36.6214012,127.4291914,5,yes,no,청주 디자인박스,"region=청주; category is not food/beverage; nearest of 5 candidates, 6.4km from KNUE; re-picked (was '디자인박스')"
pending,떡을탐하다,떡을 탐하다,떡을 탐하다,2025-09;2026-03,3,떡을탐하다,"카페,디저트>떡카페",충청북도 청주시 흥덕구 강내면 월곡리 276-12,충청북도 청주시 흥덕구 강내면 월곡길 26,36.6221127,127.3688129,1,yes,yes,청주 떡을탐하다,region=청주
rejected,뚜레한우,뚜레한우,뚜레한우,2025-09,1,뚜레한우 음성점,한식>소고기구이,충청북도 음성군 대소면 소석리 8-1,충청북도 음성군 대소면 대금로 666,36.9706320,127.5105281,5,no,yes,뚜레한우,"outside 청주/세종/공주/대전; nearest of 5 candidates, 42.2km from KNUE; re-picked (was '뚜레한우 남양주점')"
pending,롯데마트청주점,롯데마트 청주점,롯데마트 청주점,2025-09;2026-07,2,공수간떡볶이 롯데마트청주점,분식>떡볶이,충청북도 청주시 흥덕구 가경동 1416-1,충청북도 청주시 흥덕구 2순환로1219번길 30,36.6272979,127.4311989,5,yes,yes,청주 롯데마트청주점,"region=청주; nearest of 5 candidates, 6.7km from KNUE; re-picked (was '롯데마트 청주점')"
rejected,마시내황금알파닭탕수육,마시내 황금알파닭탕수육,마시내 황금알파닭탕수육,2025-09,1,,,,,,,0,,,마시내황금알파닭탕수육,no geocoding hit
pending,만두가,만두가,만두가,2025-09;2025-11;2025-12;2026-01;2026-02;2026-03;2026-05;2026-06,11,만두가,"한식>칼국수,만두",충청북도 청주시 흥덕구 강내면 탑연리 295-1,충청북도 청주시 흥덕구 강내면 가로수로 480-7,36.6227351,127.3537723,2,yes,yes,청주 만두가,"region=청주; nearest of 2 candidates, 1.4km from KNUE"
pending,만만재,만만재,만만재,2025-09,1,만만재,"한식>칼국수,만두",충청북도 청주시 흥덕구 오송읍 봉산리 1475 1층 101호,충청북도 청주시 흥덕구 오송읍 오송생명14로 339 1층 101호,36.6179523,127.3218646,1,yes,yes,청주 만만재,region=청주
rejected,만석생고기,만석생고기,만석생고기,2025-09;2026-03;2026-04;2026-06;2026-07,5,만석생고기,"쇼핑,유통>정육점",충청북도 청주시 흥덕구 강내면 탑연리 275-58,충청북도 청주시 흥덕구 강내면 태성탑연로 456,36.6230833,127.3588,1,yes,no,청주 만석생고기,region=청주; category is not food/beverage
rejected,만희네가마솥밥(언양점),만희네가마솥밥(언양점),만희네가마솥밥(언양점),2025-09,1,만희네가마솥밥 언양점,한식>한정식,울산광역시 울주군 삼남읍 교동리 1594-7 1층,울산광역시 울주군 삼남읍 남상평1길 12 1층,35.558431,129.1191399,1,no,yes,만희네가마솥밥(언양점),outside 청주/세종/공주/대전
pending,맘스터치청주강내점,맘스터치 청주 강내점,맘스터치 청주 강내점,2025-09;2025-10;2025-11;2025-12;2026-05;2026-06,16,맘스터치 청주강내점,양식>맘스터치,충청북도 청주시 흥덕구 강내면 탑연리 164-3 1층,충청북도 청주시 흥덕구 강내면 가로수로 550 1층,36.6235784,127.3611499,2,yes,yes,청주 맘스터치청주강내점,"region=청주; nearest of 2 candidates, 1.4km from KNUE"
pending,맛있는이야기,㈜맛있는 이야기,㈜맛있는 이야기,2025-09,1,카페이야기,"카페,디저트>카페",충청북도 청주시 흥덕구 가경동 2021 카페이야기,충청북도 청주시 흥덕구 서현중로28번길 7 카페이야기,36.6211843,127.4299664,5,yes,yes,청주 맛있는이야기,"region=청주; nearest of 5 candidates, 6.4km from KNUE; re-picked (was '단풍이야기')"
rejected,명장복집(조치원점),명장복집(조치원점),명장복집(조치원점),2025-09;2025-11;2026-03;2026-06,6,,,,,,,0,,,명장복집(조치원점),no geocoding hit; disclosed 소재지: 세종시
pending,밥먹고가,밥먹고가,밥먹고가,2025-09;2025-11;2026-01;2026-05;2026-06,8,밥먹고가,음식점>한식,충청북도 청주시 흥덕구 강내면 월탄리 49-10 2층,충청북도 청주시 흥덕구 강내면 월탄3길 26-2 2층,36.608225,127.3554083,1,yes,yes,청주 밥먹고가,region=청주
rejected,보비스쿰청사점,보비스쿰 청사점,보비스쿰 청사점,2025-09;2025-11;2026-03;2026-05,6,,,,,,,0,,,보비스쿰청사점,no geocoding hit
pending,본뉘,본뉘,본뉘,2025-09;2026-01,2,본뉘아시안비스트로,음식점>아시아음식,"충청북도 청주시 흥덕구 오송읍 연제리 664 101, 102호","충청북도 청주시 흥덕구 오송읍 오송생명3로 31 101, 102호",36.6350119,127.3286365,1,yes,yes,청주 본뉘,region=청주
rejected,본우리집밥서울유스호스텔점,본우리집밥 서울유스호스텔점,본우리집밥 서울유스호스텔점,2025-09,1,,,,,,,0,,,본우리집밥서울유스호스텔점,no geocoding hit
pending,봉산브릿지,봉산브릿지,봉산브릿지,2025-09;2026-06,3,봉산브릿지,음식점>양식,충청북도 청주시 흥덕구 오송읍 봉산리 1443 1층,충청북도 청주시 흥덕구 오송읍 봉산1길 16-5 1층,36.6193495,127.3219237,1,yes,yes,청주 봉산브릿지,region=청주
pending,북경양꼬치,북경양꼬치,북경양꼬치,2025-09,1,북경양꼬치,중식>양꼬치,충청북도 청주시 흥덕구 오송읍 만수리 543 104호,충청북도 청주시 흥덕구 오송읍 오송가락로 255-8 104호,36.6294063,127.3326719,1,yes,yes,청주 북경양꼬치,region=청주
rejected,브,브,브,2025-09,1,브이엔지,제조업>자동차부품제조,충청북도 청주시 서원구 사직동 139-1 1층,충청북도 청주시 서원구 무심서로 615 1층,36.6457748,127.4806743,2,yes,no,청주 브,"region=청주; category is not food/beverage; nearest of 2 candidates, 11.5km from KNUE"
pending,산장가든,산장가든,산장가든,2025-09;2026-04;2026-05,3,노산장방죽가든 대청댐점,"한식>백숙,삼계탕",충청북도 청주시 서원구 현도면 노산리 209-1 노산장방죽가든 대청댐점,충청북도 청주시 서원구 현도면 달계노산로 326-28 노산장방죽가든 대청댐점,36.4616831,127.4509683,1,yes,yes,청주 산장가든,region=청주
pending,삼거리카페,삼거리카페,삼거리카페,2025-09;2025-10;2025-11;2026-01;2026-02;2026-03,10,삼거리치킨카페,"음식점>치킨,닭강정",충청북도 청주시 상당구 남일면 고은리 453-29 삼거리치킨 카페,충청북도 청주시 상당구 남일면 단재로 739 삼거리치킨 카페,36.5656764,127.5100228,1,yes,yes,청주 삼거리카페,region=청주
pending,삼익세라믹구이,삼익세라믹구이,삼익세라믹구이,2025-09,1,삼익세라믹구이,음식점>한식,충청북도 청주시 흥덕구 복대2동 1614,충청북도 청주시 흥덕구 내수동로 38-2,36.6325882,127.4514463,1,yes,yes,청주 삼익세라믹구이,region=청주
pending,삼정원,삼정원,삼정원,2025-09;2025-12,3,삼정원가든,음식점>한식,충청북도 청주시 서원구 분평동 706,충청북도 청주시 서원구 용평로94번길 24,36.6037449,127.4912116,1,yes,yes,청주 삼정원,region=청주
pending,샐러드카페초록,샐러드카페초록,샐러드카페초록,2025-09;2026-01;2026-04;2026-05,6,샐러드카페초록,양식>샌드위치,충청북도 청주시 서원구 사직동 13-13 1층 샐러드카페 초록,충청북도 청주시 서원구 사직대로 278 1층 샐러드카페 초록,36.6356992,127.4783644,1,yes,yes,청주 샐러드카페초록,region=청주
rejected,서로상점,서로상점,서로상점,2025-09;2025-12,2,서로 커튼블라인드,"쇼핑,유통>침구,커튼",충청북도 제천시 청전동 123-5 1층 서로커튼블라인드,충청북도 제천시 칠성로13길 42 1층 서로커튼블라인드,37.1464857,128.2149502,5,no,no,서로상점,"outside 청주/세종/공주/대전; category is not food/beverage; nearest of 5 candidates, 96.7km from KNUE; re-picked (was '서로상점')"
pending,서브웨이청주오송,서브웨이 청주오송,서브웨이 청주오송,2025-09;2025-10;2026-05;2026-06,4,써브웨이 청주오송점,음식점>샌드위치,충청북도 청주시 흥덕구 오송읍 연제리 671 1층 101호,충청북도 청주시 흥덕구 오송읍 오송생명로 165 1층 101호,36.6323873,127.3277001,1,yes,yes,청주 서브웨이청주오송,region=청주
pending,서원골,서원골,서원골,2025-09;2025-10;2025-11;2025-12;2026-01;2026-04;2026-05;2026-06,22,서원골,음식점>한식,충청북도 청주시 흥덕구 강내면 월탄리 257-7,충청북도 청주시 흥덕구 강내면 태성탑연로 267,36.6079237,127.3522250,3,yes,yes,청주 서원골,"region=청주; nearest of 3 candidates, 0.7km from KNUE"
rejected,서하컴퍼니,서하컴퍼니,서하컴퍼니,2025-09,1,해물과차돌박이,"한식>육류,고기요리",서울특별시 서초구 양재동 323 1층,서울특별시 서초구 강남대로12길 50 1층,37.4708431,127.0415325,1,no,yes,서하컴퍼니,outside 청주/세종/공주/대전
rejected,소금산버섯불고기,소금산버섯불고기,소금산버섯불고기,2025-09,1,소풍산장산채맛집,음식점>한식,강원특별자치도 원주시 지정면 간현리 1108-17,강원특별자치도 원주시 지정면 소금산길 153,37.3681534,127.8218135,3,no,yes,소금산버섯불고기,"outside 청주/세종/공주/대전; nearest of 3 candidates, 93.7km from KNUE; re-picked (was '소금산버섯불고기')"
rejected,소로리쌀쿡협동조합,소로리쌀쿡협동조합,소로리쌀쿡협동조합,2025-09,1,,,,,,,0,,,소로리쌀쿡협동조합,no geocoding hit
pending,송하민어구이,송하민어구이,송하민어구이,2025-09;2025-11,2,송하민어구이,음식점>한식,세종특별자치시 조치원읍 신안리 247-4 송하민어구이,세종특별자치시 조치원읍 운주산로 72 송하민어구이,36.6357933,127.2884038,1,yes,yes,세종 송하민어구이,region=세종
pending,수원떡집,수원떡집,수원떡집,2025-09,1,수원떡집,"전통식품>떡,한과",충청북도 청주시 서원구 분평동 1311 1층,충청북도 청주시 서원구 원마루로8번길 7-5 1층,36.6091749,127.4954695,1,yes,yes,청주 수원떡집,region=청주
pending,수피아의작은부엌,수피아의 작은부엌,수피아의 작은부엌,2025-09;2026-04;2026-05;2026-06;2026-07,7,수피아의작은부엌,"음식점>카페,디저트",충청북도 청주시 흥덕구 복대동 2517 1층,충청북도 청주시 흥덕구 증안로34번길 27-4 1층,36.6354872,127.4279988,1,yes,yes,청주 수피아의작은부엌,region=청주
pending,수피자,수피자,수피자,2025-09;2025-11;2026-05,3,수피자 강내점,음식점>피자,충청북도 청주시 흥덕구 강내면 탑연리 275-55,충청북도 청주시 흥덕구 강내면 태성탑연로 448-42,36.6232830,127.3589931,3,yes,yes,청주 수피자,"region=청주; nearest of 3 candidates, 1.4km from KNUE; re-picked (was '수피자 내수점')"
pending,순남시래기,순남시래기,순남시래기,2025-09,1,순남시래기 청주사창점,"한식>백반,가정식",충청북도 청주시 서원구 사창동 304-1,충청북도 청주시 서원구 사직대로 160,36.6347678,127.4652914,1,yes,yes,청주 순남시래기,region=청주
pending,스타벅스커피코리아,(주)스타벅스커피코리아,(주)스타벅스커피코리아,2025-09,1,스타벅스 대전호텔점,"카페,디저트>카페",대전광역시 서구 둔산동 922 토요코인호텔 1층 (),대전광역시 서구 둔산중로134번길 13 토요코인호텔 1층 (둔산동),36.3590591,127.3877262,1,yes,yes,대전 스타벅스커피코리아,region=대전
pending,야채향,야채향,야채향,2025-09,1,야채향 샤브 레스토랑,음식점>한식,충청북도 청주시 청원구 내덕동 201-1 청주첨단문화산업단지,충청북도 청주시 청원구 상당로 314 청주첨단문화산업단지,36.6556659,127.4910212,1,yes,yes,청주 야채향,region=청주
pending,엄마손한식뷔페,엄마손한식뷔페,엄마손한식뷔페,2025-09,1,엄마손한식부페,음식점>한식뷔페,충청북도 청주시 흥덕구 복대동 2648 2층 엄마손한식부페,충청북도 청주시 흥덕구 진재로 37 2층 엄마손한식부페,36.6345560,127.4293668,2,yes,yes,청주 엄마손한식뷔페,"region=청주; nearest of 2 candidates, 6.8km from KNUE; re-picked (was '엄마손한식뷔페')"
rejected,에렉스피에프창코엑스몰점,㈜에렉스 피에프창 코엑스몰점,㈜에렉스 피에프창 코엑스몰점,2025-09,1,,,,,,,0,,,에렉스피에프창코엑스몰점,no geocoding hit
rejected,에비리앙,에비리앙,에비리앙,2025-09,1,,,,,,,0,,,에비리앙,no geocoding hit
pending,여주가마솥,여주가마솥,여주가마솥,2025-09,1,여주가마솥,"한식>곰탕,설렁탕",충청북도 청주시 서원구 분평동 1293,충청북도 청주시 서원구 원마루로14번길 13,36.609692,127.496466,1,yes,yes,청주 여주가마솥,region=청주
pending,예담,㈜예담,㈜예담,2025-09,1,예담한식뷔페,음식점>한식뷔페,충청북도 청주시 흥덕구 강내면 황탄리 9-1 1층 102호,충청북도 청주시 흥덕구 강내면 황탄리길 220 1층 102호,36.6039721,127.3533902,5,yes,yes,청주 예담,"region=청주; nearest of 5 candidates, 0.9km from KNUE; re-picked (was '박혜경예담추어명가 청주본점')"
rejected,오븐마루,오븐마루,오븐마루,2025-09,1,엠앤에스,"쇼핑,유통>청소용품",충청북도 청주시 청원구 오창읍 양청리 658-9 103호,충청북도 청주시 청원구 오창읍 연구단지로 109 103호,36.723608,127.4335689,1,yes,no,청주 오븐마루,region=청주; category is not food/beverage
rejected,오송아산마트,오송 아산마트,오송 아산마트,2025-09,1,아산마트 오송점 2F 전기차충전소,"교통,운수서비스>전기차충전소",충청북도 청주시 흥덕구 오송읍 연제리 665,충청북도 청주시 흥덕구 오송읍 오송생명5로 166,36.6320600,127.3303510,4,yes,no,청주 오송아산마트,"region=청주; category is not food/beverage; nearest of 4 candidates, 3.5km from KNUE; re-picked (was '아산마트 오송점')"
pending,오후네시,오후네시,오후네시,2025-09;2025-10;2025-11;2026-01;2026-04;2026-05;2026-06,10,커피나후,"카페,디저트>카페",세종특별자치시 보람동 747 114호 커피나후 (공영주차장앞),세종특별자치시 호려울로 29 114호 커피나후 (공영주차장앞),36.4777689,127.2900711,1,yes,yes,세종 오후네시,region=세종
pending,온스키친,온스키친,온스키친,2025-09,1,온스키친 칼국수&amp;쭈꾸미,음식점>한식,세종특별자치시 어진동 610 3층,세종특별자치시 도움8로 91 3층,36.5041942,127.2715519,1,yes,yes,세종 온스키친,region=세종
rejected,온오프마켓,주식회사 온오프마켓,주식회사 온오프마켓,2025-09,1,마켓 온오프,"생활,편의>편의점",강원특별자치도 원주시 개운동 446-9 1층 104호,강원특별자치도 원주시 송림길 48-32 1층 104호,37.3309835,127.9515180,2,no,no,온오프마켓,"outside 청주/세종/공주/대전; category is not food/beverage; nearest of 2 candidates, 95.8km from KNUE; re-picked (was '온오프마켓')"
pending,온정+(플러스),온정+(플러스),온정+(플러스),2025-09;2026-01;2026-02,3,온정플러스,"음식점>도시락,컵밥",충청북도 청주시 흥덕구 오송읍 연제리 783 1층 102호,충청북도 청주시 흥덕구 오송읍 연제만수길 22 1층 102호,36.6259074,127.3263023,1,yes,yes,청주 온정+(플러스),region=청주
pending,온정플러스,온정플러스,온정플러스,2025-09,1,온정플러스,"음식점>도시락,컵밥",충청북도 청주시 흥덕구 오송읍 연제리 783 1층 102호,충청북도 청주시 흥덕구 오송읍 연제만수길 22 1층 102호,36.6259074,127.3263023,1,yes,yes,청주 온정플러스,region=청주
pending,왓더버거,왓더버거,왓더버거,2025-09;2025-12;2026-05,5,왓더버거 청주오송점,음식점>양식>햄버거,충청북도 청주시 흥덕구 오송읍 봉산리 1152 1층,충청북도 청주시 흥덕구 오송읍 오송생명7로 176 1층,36.6223408,127.3186750,5,yes,yes,청주 왓더버거,"region=청주; nearest of 5 candidates, 3.8km from KNUE; re-picked (was '왓더버거 충북대점')"
pending,이온커피,이온커피,이온커피,2025-09;2025-11,3,이온커피,"음식점>카페,디저트",충청북도 청주시 서원구 사창동 252-7 1층 이온커피,충청북도 청주시 서원구 천석로 2 1층 이온커피,36.6356386,127.4656865,1,yes,yes,청주 이온커피,region=청주
pending,전라도식당,전라도식당,전라도식당,2025-09,1,전라도맛집,음식점>한식,"충청남도 공주시 반포면 봉곡리 339-29 1, 2층","충청남도 공주시 반포면 가마봉길 7 1, 2층",36.4008341,127.2347067,3,yes,yes,공주 전라도식당,"region=공주; nearest of 3 candidates, 25.9km from KNUE; re-picked (was '전라도식당')"
pending,정원,정원,정원,2025-09,1,정원,"한식>아귀찜,해물찜",충청북도 청주시 흥덕구 복대동 975-1 1층,충청북도 청주시 흥덕구 복대로175번길 9-1 1층,36.6321120,127.4403565,5,yes,yes,청주 정원,"region=청주; nearest of 5 candidates, 7.6km from KNUE; re-picked (was '묵방골정원')"
pending,참토스트오송점,참토스트오송점,참토스트오송점,2025-09,1,참토스트 조치원점,음식점>분식>토스트,세종특별자치시 조치원읍 죽림리 396 자이아파트 상가 301동 105호,세종특별자치시 조치원읍 도원로 16 자이아파트 상가 301동 105호,36.5901176,127.2887433,1,yes,yes,참토스트오송점,region=세종
pending,창억떡집,창억떡집,창억떡집,2025-09,1,청춘떡방,"전통식품>떡,한과",충청남도 공주시 신관동 276-5 1층,충청남도 공주시 번영1로 156 1층,36.4742515,127.1447464,5,yes,yes,공주 창억떡집,"region=공주; nearest of 5 candidates, 24.4km from KNUE"
rejected,천우장식당,천우장식당,천우장식당,2025-09,1,천우장가든,한식>한정식,충청남도 예산군 예산읍 산성리 86-2,충청남도 예산군 예산읍 산성금오실길 12,36.6898329,126.8434913,2,no,yes,천우장식당,"outside 청주/세종/공주/대전; nearest of 2 candidates, 46.8km from KNUE; re-picked (was '천우장횟집')"
pending,청연,청연,청연,2025-09;2025-11;2025-12;2026-01;2026-02,11,청연,중식>중식당,충청북도 청주시 흥덕구 오송읍 연제리 713 H호텔 3층,충청북도 청주시 흥덕구 오송읍 오송생명로 178 H호텔 3층,36.6313830,127.3291181,5,yes,yes,청주 청연,"region=청주; nearest of 5 candidates, 3.5km from KNUE"
pending,청와삼대,청와삼대,청와삼대,2025-09,1,청와삼대 세종시청점,"한식>족발,보쌈",세종특별자치시 금남면 호탄리 79-3,세종특별자치시 금남면 금남구즉로 194,36.477415,127.2985061,1,yes,yes,세종 청와삼대,region=세종
pending,청주숯불갈비,청주숯불갈비,청주숯불갈비,2025-09;2025-12;2026-03;2026-05;2026-06,5,청주숯불갈비,한식>소고기구이,충청북도 청주시 흥덕구 강내면 탑연리 140-6,충청북도 청주시 흥덕구 강내면 태성탑연로 422,36.6200904,127.3586875,5,yes,yes,청주 청주숯불갈비,"region=청주; nearest of 5 candidates, 1.0km from KNUE"
pending,청해랑,청해랑,청해랑,2025-09,1,청해랑,음식점>일식>일식당,충청북도 청주시 서원구 분평동 164 2층,충청북도 청주시 서원구 청남로1936번길 132 2층,36.6056151,127.4857173,1,yes,yes,청주 청해랑,region=청주
rejected,총각네미나리삼겹살,총각네미나리삼겹살,총각네미나리삼겹살,2025-09,1,,,,,,,0,,,총각네미나리삼겹살,no geocoding hit
pending,춘하추동,춘하추동,춘하추동,2025-09;2026-01;2026-05,3,춘하추동,"한식>찌개,전골",충청북도 청주시 흥덕구 강내면 탑연리 311-1,충청북도 청주시 흥덕구 강내면 태성탑연로 419,36.6198987,127.35795,1,yes,yes,청주 춘하추동,region=청주
pending,충돈삼겹살,충돈삼겹살,충돈삼겹살,2025-09;2025-10;2026-04;2026-05,6,충돈 삼겹살 강내 교원대점,한식>돼지고기구이,충청북도 청주시 흥덕구 강내면 탑연리 279-9 1층,충청북도 청주시 흥덕구 강내면 태성탑연로 443 1층,36.6219016,127.3578954,1,yes,yes,청주 충돈삼겹살,region=청주
rejected,충무로역파리바게뜨,충무로역 파리바게뜨,충무로역 파리바게뜨,2025-09,1,파리바게뜨 동국대점,"카페,디저트>베이커리",서울특별시 중구 필동3가 18-17 1층,서울특별시 중구 서애로1길 2 1층,37.5610888,126.9981687,5,no,yes,충무로역파리바게뜨,"outside 청주/세종/공주/대전; nearest of 5 candidates, 110.4km from KNUE; re-picked (was '파리바게뜨 충무로역점')"
rejected,츄플러스,츄플러스,츄플러스,2025-09,1,LG유플러스 오송읍 만수리점,"전자,가전>휴대폰",충청북도 청주시 흥덕구 오송읍 만수리 517 .,충청북도 청주시 흥덕구 오송읍 오송생명5로 179 .,36.6305425,127.3303078,5,yes,no,청주 츄플러스,"region=청주; category is not food/beverage; nearest of 5 candidates, 3.4km from KNUE; re-picked (was 'LG유플러스 분평동 남부신협점')"
rejected,투머치샌드위치,투머치 샌드위치,투머치 샌드위치,2025-09;2025-12;2026-05,3,투머치커피,"음식점>카페,디저트",경기도 평택시 고덕면 여염리 37-1 1층 투머치커피,경기도 평택시 고덕면 지제로 177 1층 투머치커피,37.0242963,127.0538267,1,no,yes,투머치샌드위치,outside 청주/세종/공주/대전
pending,파리바게뜨,파리바게뜨,파리바게뜨,2025-09;2025-10;2025-11;2026-03;2026-05,7,파리바게뜨 복대지웰점,"카페,디저트>베이커리","충청북도 청주시 흥덕구 복대동 3379 신영지웰시티 101, 102호","충청북도 청주시 흥덕구 대농로 43 신영지웰시티 101, 102호",36.6437885,127.4270256,5,yes,yes,청주 파리바게뜨,"region=청주; nearest of 5 candidates, 7.1km from KNUE; re-picked (was '파리바게뜨 청주북문점')"
pending,파리바케트,파리바케트,파리바케트,2025-09,1,파리바게뜨 복대지웰점,"카페,디저트>베이커리","충청북도 청주시 흥덕구 복대동 3379 신영지웰시티 101, 102호","충청북도 청주시 흥덕구 대농로 43 신영지웰시티 101, 102호",36.6437885,127.4270256,5,yes,yes,청주 파리바케트,"region=청주; nearest of 5 candidates, 7.1km from KNUE; re-picked (was '파리바게뜨 청주북문점')"
pending,포크바이맨스그릴,포크바이맨스그릴,포크바이맨스그릴,2025-09;2026-05;2026-06,3,포크바이맨스그릴,"한식>육류,고기요리",충청북도 청주시 흥덕구 오송읍 연제리 706 2층,충청북도 청주시 흥덕구 오송읍 오송생명로 166 2층,36.6318975,127.3274685,1,yes,yes,청주 포크바이맨스그릴,region=청주
pending,푸른산호초,푸른산호초,푸른산호초,2025-09;2026-03;2026-06,6,푸른산호초 오송점,음식점>한식,충청북도 청주시 흥덕구 오송읍 봉산리 1334 101호,충청북도 청주시 흥덕구 오송읍 오송생명14로 377 101호,36.6207885,127.3236726,1,yes,yes,청주 푸른산호초,region=청주
pending,풍년칼국수,풍년칼국수,풍년칼국수,2025-09;2025-12;2026-01,3,풍년칼국수콩국수,"한식>칼국수,만두",충청북도 청주시 흥덕구 강내면 탑연리 158-14 탑연리158-14,충청북도 청주시 흥덕구 강내면 가로수로 556 탑연리158-14,36.6238991,127.3618082,1,yes,yes,청주 풍년칼국수,region=청주
rejected,피에프창코엑스몰점,피에프창 코엑스몰점,피에프창 코엑스몰점,2025-09,1,피에프창 코엑스몰점,음식점>아시아음식,서울특별시 강남구 삼성동 159 코엑스몰 지하1층,서울특별시 강남구 영동대로 513 코엑스몰 지하1층,37.5134281,127.0595829,1,no,yes,피에프창코엑스몰점,outside 청주/세종/공주/대전
pending,한솥도시락,한솥도시락,한솥도시락,2025-09,1,한솥도시락 충북오송점,"음식점>도시락,컵밥",충청북도 청주시 흥덕구 오송읍 만수리 520 101호,충청북도 청주시 흥덕구 오송읍 오송생명로 196 101호,36.6307842,127.3307417,5,yes,yes,청주 한솥도시락,"region=청주; nearest of 5 candidates, 3.3km from KNUE; re-picked (was '한솥도시락 오송파라곤점')"
rejected,홈플러스,홈플러스,홈플러스,2025-09;2025-10,2,홈플러스 청주점,"쇼핑,유통>슈퍼,마트",충청북도 청주시 흥덕구 가경동 1696,충청북도 청주시 흥덕구 서부로 1291,36.6156320,127.4423878,5,yes,no,청주 홈플러스,"region=청주; category is not food/beverage; nearest of 5 candidates, 7.5km from KNUE"
pending,홍장군김치삼겹살,홍장군김치삼겹살,홍장군김치삼겹살,2025-09;2025-11;2025-12;2026-04;2026-05;2026-06,9,홍장군김치삼겹살본점,한식>돼지고기구이,충청북도 청주시 흥덕구 강내면 월탄리 38-1 홍장군김치삼겹살,충청북도 청주시 흥덕구 강내면 월탄3길 9 홍장군김치삼겹살,36.6071852,127.3542992,1,yes,yes,청주 홍장군김치삼겹살,region=청주
rejected,THEHYUNDAI,THE HYUNDAI,THE HYUNDAI,2025-10,3,더현대약국,"건강,의료>약국",대전광역시 유성구 관평동 961 1층 102호,대전광역시 유성구 테크노중앙로 74 1층 102호,36.4253832,127.3931827,1,yes,no,대전 THEHYUNDAI,region=대전; category is not food/beverage
rejected,강내농협하나로마트,강내농협하나로마트,강내농협하나로마트,2025-10;2025-11;2026-02;2026-03;2026-05,9,강내농협 하나로마트정문,도로시설>방면정보,충청북도 청주시 흥덕구 강내면 월곡리,,36.6243395,127.3635553,3,yes,no,청주 강내농협하나로마트,"region=청주; category is not food/beverage; nearest of 3 candidates, 1.5km from KNUE; re-picked (was '강내농협 하나로마트')"
pending,뚜레쥬르오송센트럴시티,뚜레쥬르 오송센트럴시티,뚜레쥬르 오송센트럴시티,2025-10;2025-11,6,뚜레쥬르 오송센트럴시티점,"카페,디저트>베이커리",충청북도 청주시 흥덕구 오송읍 봉산리 1523 상가 3동 104호 뚜레쥬르,충청북도 청주시 흥덕구 오송읍 오송생명7로 118 상가 3동 104호 뚜레쥬르,36.618469,127.3120554,1,yes,yes,청주 뚜레쥬르오송센트럴시티,region=청주
rejected,쿠팡,쿠팡,쿠팡,2025-10;2026-03;2026-05;2026-06,7,쿠팡 VF59센터,"물류,유통>물류센터",충청북도 청주시 흥덕구 강내면 태성리 532,충청북도 청주시 흥덕구 강내면 서부로 270,36.5862264,127.3491329,5,yes,no,청주 쿠팡,"region=청주; category is not food/beverage; nearest of 5 candidates, 2.9km from KNUE; re-picked (was '쿠팡 청주미니1캠프')"
rejected,거북이권역영농조합법인,거북이권역영농조합법인,거북이권역영농조합법인,2025-10,2,,,,,,,0,,,거북이권역영농조합법인,no geocoding hit
pending,롯데리아청주강내점,롯데리아 청주강내점,롯데리아 청주강내점,2025-10,2,롯데리아 청주강내점,양식>햄버거,충청북도 청주시 흥덕구 강내면 탑연리 277-2 1층,충청북도 청주시 흥덕구 강내면 태성탑연로 451 1층,36.622807,127.3584421,1,yes,yes,청주 롯데리아청주강내점,region=청주
pending,왕천파닭,왕천파닭,왕천파닭,2025-10;2025-11;2025-12;2026-05,8,왕천파닭 강내점,"음식점>치킨,닭강정",충청북도 청주시 흥덕구 강내면 탑연리 338-11,충청북도 청주시 흥덕구 강내면 태성탑연로 396-10,36.6175373,127.3561443,5,yes,yes,청주 왕천파닭,"region=청주; nearest of 5 candidates, 0.8km from KNUE; re-picked (was '왕천파닭 동남지구점')"
pending,이브,이브,이브,2025-10;2025-11;2026-01,5,이브,"음식점>카페,디저트",충청북도 청주시 흥덕구 오송읍 봉산리 1523 5동 1층 104호,충청북도 청주시 흥덕구 오송읍 오송생명7로 118 5동 1층 104호,36.6190251,127.3140272,5,yes,yes,청주 이브,"region=청주; nearest of 5 candidates, 4.1km from KNUE"
pending,카페정다운샌드위치,카페정다운 샌드위치,카페정다운 샌드위치,2025-10,2,카페정다운 샌드위치,양식>샌드위치,충청북도 청주시 서원구 사창동 148-3 1층 카페정다운 샌드위치,충청북도 청주시 서원구 사직대로 107 1층 카페정다운 샌드위치,36.6350702,127.4592604,1,yes,yes,청주 카페정다운샌드위치,region=청주
rejected,고기창고,고기창고,고기창고,2025-10,1,한라쿡고기창고,"쇼핑,유통>정육점",대전광역시 대덕구 송촌동 460-4 지하 1층 한라쿡 고기창고,대전광역시 대덕구 동춘당로94번길 11-15 지하 1층 한라쿡 고기창고,36.3661623,127.4394345,1,yes,no,대전 고기창고,region=대전; category is not food/beverage
pending,공감,공감,공감,2025-10,1,36.5공감,"음식점>카페,디저트",충청북도 청주시 흥덕구 강내면 탑연리 338-2,충청북도 청주시 흥덕구 강내면 태성탑연로 390,36.6177543,127.3561614,5,yes,yes,청주 공감,"region=청주; nearest of 5 candidates, 0.8km from KNUE; re-picked (was '공감하다 동남지구점')"
rejected,광씨네전주콩나물국밥,광씨네전주콩나물국밥,광씨네전주콩나물국밥,2025-10,1,광씨네 전주콩나물국밥,한식>국밥,"서울특별시 영등포구 여의도동 14-32 지하1층(, 정원빌딩) 광씨네 전주콩나물국밥","서울특별시 영등포구 국회대로68길 23 지하1층(여의도동, 정원빌딩) 광씨네 전주콩나물국밥",37.5285284,126.9203751,1,no,yes,광씨네전주콩나물국밥,outside 청주/세종/공주/대전
pending,군산오징어,군산오징어,군산오징어,2025-10,1,군산오징어 청주강서점,"해물,생선요리>오징어요리",충청북도 청주시 흥덕구 강서동 489 2층,충청북도 청주시 흥덕구 강서로 110 2층,36.6244859,127.4288887,1,yes,yes,청주 군산오징어,region=청주
rejected,군장점,군장점,군장점,2025-10,1,스마일군장점,"쇼핑,유통>군인용품",대전광역시 유성구 추목동 177-5,대전광역시 유성구 자운로 220-1 (추목동),36.4097649,127.3509378,3,yes,no,대전 군장점,"region=대전; category is not food/beverage; nearest of 3 candidates, 22.4km from KNUE; re-picked (was '자운기업')"
pending,네모,네모,네모,2025-10,1,네모,"음식점>카페,디저트",충청북도 청주시 흥덕구 오송읍 만수리 719 1층 네모,충청북도 청주시 흥덕구 오송읍 만수길 17 1층 네모,36.6238981,127.3269630,5,yes,yes,청주 네모,"region=청주; nearest of 5 candidates, 3.2km from KNUE"
rejected,노브랜드,노브랜드,노브랜드,2025-10,1,노브랜드 청주오송점,"쇼핑,유통>슈퍼,마트",충청북도 청주시 흥덕구 오송읍 봉산리 984 노브랜드 청주오송점,충청북도 청주시 흥덕구 오송읍 오송생명7로 205 노브랜드 청주오송점,36.6243149,127.3207860,5,yes,no,청주 노브랜드,"region=청주; category is not food/beverage; nearest of 5 candidates, 3.7km from KNUE; re-picked (was '노브랜드 청주사천점')"
pending,뉴욕버거한국교원대학교점,뉴욕버거 한국교원대학교점,뉴욕버거 한국교원대학교점,2025-10;2025-11;2025-12,7,뉴욕버거 한국교원대학교점,양식>햄버거,충청북도 청주시 흥덕구 강내면 월탄리,,36.6103875,127.3585334,1,yes,yes,청주 뉴욕버거한국교원대학교점,region=청주
pending,대구막창,대구막창,대구막창,2025-10,1,남다른대구막창 오송2지구점,"육류,고기요리>곱창,막창,양",충청북도 청주시 흥덕구 오송읍 봉산리 1094 1층 106호,충청북도 청주시 흥덕구 오송읍 봉산2길 26 1층 106호,36.6202461,127.3181413,5,yes,yes,청주 대구막창,"region=청주; nearest of 5 candidates, 3.8km from KNUE; re-picked (was '남다른대구막창 서현점')"
pending,더보크,더보크,더보크,2025-10,1,더보크,음식점>뷔페,"세종특별자치시 나성동 741 2층 203호, 204호","세종특별자치시 한누리대로 273 2층 203호, 204호",36.4884841,127.2564824,1,yes,yes,세종 더보크,region=세종
pending,더크래프트,더크래프트,더크래프트,2025-10;2026-01,2,더크래프트,음식점>햄버거,충청북도 청주시 흥덕구 오송읍 만수리 753 더크래프트1층,충청북도 청주시 흥덕구 오송읍 만수길 20-1 더크래프트1층,36.6237701,127.3272555,1,yes,yes,청주 더크래프트,region=청주
pending,두릅소한우,두릅소한우,두릅소한우,2025-10,1,두릅소한우 청주 산남점,한식>소고기구이,충청북도 청주시 서원구 산남동 1248 1층 두릅소한우,충청북도 청주시 서원구 산미로 146 1층 두릅소한우,36.6088866,127.4759866,1,yes,yes,청주 두릅소한우,region=청주
pending,디저트39,디저트39,디저트39,2025-10;2025-11;2026-03;2026-04;2026-05;2026-06,10,디저트39 한국교원대점,"카페,디저트>카페",충청북도 청주시 흥덕구 강내면 탑연리 339 디저트39 한국교원대점,충청북도 청주시 흥덕구 강내면 태성탑연로 386 디저트39 한국교원대점,36.6173791,127.3559085,5,yes,yes,청주 디저트39,"region=청주; nearest of 5 candidates, 0.8km from KNUE"
pending,롯데마트,롯데마트,롯데마트,2025-10;2025-11;2026-02;2026-04;2026-05;2026-06,6,롯데리아 청주가경점,양식>햄버거,충청북도 청주시 흥덕구 가경동 2270 143호,충청북도 청주시 흥덕구 서현로 60 143호,36.6175121,127.4286308,5,yes,yes,청주 롯데마트,"region=청주; nearest of 5 candidates, 6.3km from KNUE; re-picked (was '롯데마트 상당점')"
pending,마라탕양꼬치,마라탕양꼬치,마라탕양꼬치,2025-10,1,경도양꼬치 복대점,중식>양꼬치,충청북도 청주시 흥덕구 복대동 2874 1층,충청북도 청주시 흥덕구 진재로15번길 9 1층,36.6323423,127.4292715,5,yes,yes,청주 마라탕양꼬치,"region=청주; nearest of 5 candidates, 6.7km from KNUE; re-picked (was '럭키마라탕 양꼬치 서원대점')"
pending,먹벙감자탕,먹벙감자탕,먹벙감자탕,2025-10,1,먹벙감자탕 강내점,한식>감자탕,충청북도 청주시 흥덕구 강내면 탑연리 306-2,충청북도 청주시 흥덕구 강내면 태성탑연로 435,36.6212597,127.3582533,3,yes,yes,청주 먹벙감자탕,"region=청주; nearest of 3 candidates, 1.1km from KNUE"
pending,명장갈비,명장갈비,명장갈비,2025-10;2026-06,2,명장갈비 오송점,음식점>한식,충청북도 청주시 흥덕구 오송읍 만수리 537,충청북도 청주시 흥덕구 오송읍 오송가락로 259,36.6295246,127.3331700,3,yes,yes,청주 명장갈비,"region=청주; nearest of 3 candidates, 3.1km from KNUE"
pending,명장갈비(오송점),명장갈비(오송점),명장갈비(오송점),2025-10;2026-01,2,명장갈비 오송점,음식점>한식,충청북도 청주시 흥덕구 오송읍 만수리 537,충청북도 청주시 흥덕구 오송읍 오송가락로 259,36.6295246,127.33317,1,yes,yes,청주 명장갈비(오송점),region=청주
pending,목구멍세종점,목구멍세종점,목구멍세종점,2025-10,1,목구멍 세종점,"한식>육류,고기요리","세종특별자치시 도담동 678 109호, 110호, 111호","세종특별자치시 보듬3로 8-37 109호, 110호, 111호",36.5158135,127.2579256,1,yes,yes,세종 목구멍세종점,region=세종
pending,반지하세종나성점,반지하 세종나성점,반지하 세종나성점,2025-10,1,반지하 나성점,"한식>육류,고기요리","세종특별자치시 나성동 798 1층 110, 111호","세종특별자치시 나성북로 9 1층 110, 111호",36.4895404,127.2578285,1,yes,yes,세종 반지하세종나성점,region=세종
rejected,배영숙산약초밥상,배영숙산약초밥상,배영숙산약초밥상,2025-10,1,배영숙산야초밥상,한식>한정식,충청북도 보은군 속리산면 사내리 280-1,충청북도 보은군 속리산면 법주사로 253,36.5308731,127.8212415,1,no,yes,배영숙산약초밥상,outside 청주/세종/공주/대전
pending,본가왕뼈감자탕,본가왕뼈감자탕,본가왕뼈감자탕,2025-10,1,본가왕뼈 오송점,한식>감자탕,충청북도 청주시 흥덕구 오송읍 연제리 719,충청북도 청주시 흥덕구 오송읍 오송생명3로 65-22,36.6312513,127.3282816,2,yes,yes,청주 본가왕뼈감자탕,"region=청주; nearest of 2 candidates, 3.5km from KNUE; re-picked (was '본가왕뼈감자탕 봉산리점')"
pending,빕스청주커넥트현대점,빕스 청주커넥트현대점,빕스 청주커넥트현대점,2025-10,1,빕스 청주커넥트현대점,음식점>패밀리레스토랑,충청북도 청주시 흥덕구 가경동 1416 4층 빕스,충청북도 청주시 흥덕구 2순환로 1225 4층 빕스,36.6269924,127.4306879,1,yes,yes,청주 빕스청주커넥트현대점,region=청주
pending,수제햄고래부대찌개,수제햄 고래부대찌개,수제햄 고래부대찌개,2025-10,1,수제햄 고래부대찌개 옥산점,"한식>찌개,전골",충청북도 청주시 흥덕구 옥산면 가락리 764-61 1층,충청북도 청주시 흥덕구 옥산면 청주역로 668-1 1층,36.6662430,127.3727551,5,yes,yes,청주 수제햄고래부대찌개,"region=청주; nearest of 5 candidates, 6.3km from KNUE; re-picked (was '수제햄 고래부대찌개 청주동남지구점')"
pending,스타벅스,스타벅스,스타벅스,2025-10;2025-12;2026-05;2026-06;2026-08,10,스타벅스 청주오송점,"카페,디저트>카페",충청북도 청주시 흥덕구 오송읍 만수리 535,충청북도 청주시 흥덕구 오송읍 오송생명로 222,36.6298699,127.3332929,5,yes,yes,청주 스타벅스,"region=청주; nearest of 5 candidates, 3.1km from KNUE; re-picked (was '스타벅스 청주동남점')"
pending,스타벅스오송바이오산업단지점,스타벅스오송바이오산업단지점,스타벅스오송바이오산업단지점,2025-10;2026-01,2,스타벅스 오송바이오산업단지점,"카페,디저트>카페",충청북도 청주시 흥덕구 오송읍 연제리 674 오송생명로 159,충청북도 청주시 흥덕구 오송읍 오송생명로 159 오송생명로 159,36.6326194,127.3272358,1,yes,yes,청주 스타벅스오송바이오산업단지점,region=청주
rejected,아산마트,아산마트,아산마트,2025-10,1,아산마트 오송점 2F 전기차충전소,"교통,운수서비스>전기차충전소",충청북도 청주시 흥덕구 오송읍 연제리 665,충청북도 청주시 흥덕구 오송읍 오송생명5로 166,36.6320600,127.3303510,5,yes,no,청주 아산마트,"region=청주; category is not food/beverage; nearest of 5 candidates, 3.5km from KNUE; re-picked (was '아산마트 오송점')"
rejected,아산마트오송점,(주)아산마트 오송점,(주)아산마트 오송점,2025-10;2025-11;2025-12;2026-01;2026-04;2026-05;2026-06,15,아산마트 오송점 2F 전기차충전소,"교통,운수서비스>전기차충전소",충청북도 청주시 흥덕구 오송읍 연제리 665,충청북도 청주시 흥덕구 오송읍 오송생명5로 166,36.6320600,127.3303510,3,yes,no,청주 아산마트오송점,"region=청주; category is not food/beverage; nearest of 3 candidates, 3.5km from KNUE; re-picked (was '아산마트 오송점')"
pending,엘도라도,엘도라도,엘도라도,2025-10;2025-12;2026-01;2026-03;2026-04;2026-05;2026-07,14,엘도라도,"카페,디저트>카페",충청북도 청주시 흥덕구 오송읍 연제리 665 4층,충청북도 청주시 흥덕구 오송읍 오송생명5로 166 4층,36.6323646,127.3300836,1,yes,yes,청주 엘도라도,region=청주
rejected,오늘의과일,오늘의 과일,오늘의 과일,2025-10,1,오늘의과일,"쇼핑,유통>과일",충청북도 청주시 흥덕구 비하동 346-3 2층,충청북도 청주시 흥덕구 2순환로 1051 2층,36.6410273,127.4226070,4,yes,no,청주 오늘의과일,"region=청주; category is not food/beverage; nearest of 4 candidates, 6.6km from KNUE"
pending,옥된장세종어진점,옥된장 세종어진점,옥된장 세종어진점,2025-10,1,옥된장 세종어진점,음식점>한식,"세종특별자치시 어진동 530 105호, 105-1호, 106호","세종특별자치시 한누리대로 499 105호, 105-1호, 106호",36.5082069,127.2612957,1,yes,yes,세종 옥된장세종어진점,region=세종
pending,왕천파닭강내점,왕천파닭강내점,왕천파닭강내점,2025-10;2025-12;2026-02;2026-06;2026-07,6,왕천파닭 강내점,"음식점>치킨,닭강정",충청북도 청주시 흥덕구 강내면 탑연리 338-11,충청북도 청주시 흥덕구 강내면 태성탑연로 396-10,36.6175373,127.3561443,1,yes,yes,청주 왕천파닭강내점,region=청주
pending,우별당오송점,우별당오송점,우별당오송점,2025-10;2026-04,2,우별당 오송점,한식>소고기구이,충청북도 청주시 흥덕구 오송읍 봉산리 1381 1층 101호,충청북도 청주시 흥덕구 오송읍 봉산1길 25-10 1층 101호,36.620651,127.3218794,1,yes,yes,청주 우별당오송점,region=청주
rejected,임실치즈마을체험장,임실치즈마을체험장,임실치즈마을체험장,2025-10,1,여무누리 한우치즈,한식>소고기구이,전북특별자치도 임실군 임실읍 금성리 342-3 여무누리,전북특별자치도 임실군 임실읍 치즈마을2길 36-3 여무누리,35.6410519,127.3022832,4,no,yes,임실치즈마을체험장,"outside 청주/세종/공주/대전; nearest of 4 candidates, 108.0km from KNUE; re-picked (was '임실치즈마을치즈체험장')"
pending,잇플레이스,잇플레이스,잇플레이스,2025-10;2026-01;2026-02;2026-05,9,잇플레이스720,"음식점>카페,디저트",충청북도 청주시 흥덕구 강내면 탑연리 158-12 1층 잇플레이스720,충청북도 청주시 흥덕구 강내면 가로수로 560 1층 잇플레이스720,36.6239141,127.3620866,1,yes,yes,청주 잇플레이스,region=청주
rejected,진진서여의도,진진 서여의도,진진 서여의도,2025-10,1,진진수산,한식>생선회,"서울특별시 동작구 노량진동 334 활어 100호, 101호","서울특별시 동작구 노들로 674 활어 100호, 101호",37.5148237,126.9379759,4,no,yes,진진서여의도,"outside 청주/세종/공주/대전; nearest of 4 candidates, 107.2km from KNUE; re-picked (was '진진만두 국회점')"
pending,청주담한상,청주담한상,청주담한상,2025-10,1,청주담한상,음식점>한식,충청북도 청주시 흥덕구 복대동 549 1층,충청북도 청주시 흥덕구 진재로109번길 44 1층,36.6409936,127.4277614,1,yes,yes,청주 청주담한상,region=청주
pending,촌골흑염소,촌골흑염소,촌골흑염소,2025-10,1,촌골흑염소,음식점>한식,충청북도 청주시 청원구 오창읍 장대리 79-27 1층,충청북도 청주시 청원구 오창읍 오창시내1길 10 1층,36.738511,127.4583602,1,yes,yes,청주 촌골흑염소,region=청주
rejected,카페샌드리아오송점,카페샌드리아 오송점,카페샌드리아 오송점,2025-10,1,,,,,,,0,,,카페샌드리아오송점,no geocoding hit
pending,컬쳐푸드,컬쳐푸드,컬쳐푸드,2025-10,1,풀무원푸드앤컬쳐 오송생명과학단지지원센터 구내식당,음식점>한식,충청북도 청주시 흥덕구 오송읍 연제리 643 구내,충청북도 청주시 흥덕구 오송읍 오송생명2로 187 구내,36.6385903,127.3319297,2,yes,yes,청주 컬쳐푸드,"region=청주; nearest of 2 candidates, 3.9km from KNUE"
pending,퀴즈노스충북대점,퀴즈노스충북대점,퀴즈노스충북대점,2025-10,1,퀴즈노스 충북대점,음식점>샌드위치,충청북도 청주시 서원구 개신동 12,충청북도 청주시 서원구 충대로 1,36.6277556,127.4587082,1,yes,yes,청주 퀴즈노스충북대점,region=청주
pending,탐라화포집,탐라화포집,탐라화포집,2025-10;2026-04,2,탐라화포집,한식>돼지고기구이,충청북도 청주시 흥덕구 오송읍 연제리 774 1층 탐라화포집,충청북도 청주시 흥덕구 오송읍 오송생명3로 133 1층 탐라화포집,36.6261444,127.3244891,1,yes,yes,청주 탐라화포집,region=청주
pending,택이네조개전골,택이네조개전골,택이네조개전골,2025-10,1,택이네조개전골 청주동남점,"음식점>한식>해물,생선요리>조개요리",충청북도 청주시 상당구 용암동 3081 1층 택이네조개전골,충청북도 청주시 상당구 중고개로141번길 13-18 1층 택이네조개전골,36.6156509,127.5168057,1,yes,yes,청주 택이네조개전골,region=청주
rejected,토속촌삼계탕,토속촌삼계탕,토속촌삼계탕,2025-10,1,토속촌삼계탕,"한식>백숙,삼계탕",서울특별시 종로구 체부동 85-1 토속촌,서울특별시 종로구 자하문로5길 5 토속촌,37.5776607,126.9715865,3,no,yes,토속촌삼계탕,"outside 청주/세종/공주/대전; nearest of 3 candidates, 112.8km from KNUE"
pending,티카페알케미,티카페알케미,티카페알케미,2025-10;2026-05,3,티카페알케미,브런치카페,충청북도 청주시 상당구 북문로3가 99-2,충청북도 청주시 상당구 중앙로 47,36.6412895,127.4884426,1,yes,yes,청주 티카페알케미,region=청주
pending,파파존스,파파존스,파파존스,2025-10;2026-04,2,파파존스 오송조치원점,음식점>피자,충청북도 청주시 흥덕구 오송읍 봉산리 1132 1층 일부호,충청북도 청주시 흥덕구 오송읍 오송생명12로 31 1층 일부호,36.6204549,127.3198210,5,yes,yes,청주 파파존스,"region=청주; nearest of 5 candidates, 3.6km from KNUE"
pending,하노이별오송점,하노이별 오송점,하노이별 오송점,2025-10,1,하노이별 오송점,음식점>베트남음식,충청북도 청주시 흥덕구 오송읍 연제리 666 1층 102호,충청북도 청주시 흥덕구 오송읍 오송생명로 185 1층 102호,36.6316309,127.3297877,1,yes,yes,청주 하노이별오송점,region=청주
pending,한상모아,한상모아,한상모아,2025-10;2026-01;2026-03;2026-05,4,한상모아 도시락 청주본점,"음식점>도시락,컵밥",충청북도 청주시 서원구 사창동 148-3,충청북도 청주시 서원구 사직대로 107,36.6350807,127.4592912,1,yes,yes,청주 한상모아,region=청주
rejected,해목신천,(주)해목신천,(주)해목신천,2025-10,1,해목신천,"서비스,산업>기업",대구광역시 동구 신천동 1506,대구광역시 동구 동부로 149,35.8779512,128.6291889,1,no,no,해목신천,outside 청주/세종/공주/대전; category is not food/beverage
rejected,해신복어요리전무점,해신복어요리전무점,해신복어요리전무점,2025-10,1,,,,,,,0,,,해신복어요리전무점,no geocoding hit
rejected,헤이다(조치원1927),헤이다(조치원1927),헤이다(조치원1927),2025-10,1,,,,,,,0,,,헤이다(조치원1927),no geocoding hit
pending,후마니타스,후마니타스,후마니타스,2025-10,1,인문아카이브 양림 &amp; 카페 후마니타스,"음식점>카페,디저트",충청북도 청주시 흥덕구 비하동 571,충청북도 청주시 흥덕구 주봉로15번길 25,36.6285274,127.4144248,2,yes,yes,청주 후마니타스,"region=청주; nearest of 2 candidates, 5.3km from KNUE"
pending,맘스터치,맘스터치,맘스터치,2025-11;2026-01;2026-03;2026-04;2026-05,11,맘스터치 오송점,양식>맘스터치,충청북도 청주시 흥덕구 오송읍 만수리 520 1층,충청북도 청주시 흥덕구 오송읍 오송생명로 196 1층,36.6307776,127.3308638,5,yes,yes,청주 맘스터치,"region=청주; nearest of 5 candidates, 3.3km from KNUE; re-picked (was '맘스터치 성안점')"
rejected,더다락농장,더 다락농장,더 다락농장 | 더다락농장,2025-11;2026-06;2026-07,4,더 다락 농장 식물카페,"여행,명소>관광농원,팜스테이",충청북도 청주시 흥덕구 강내면 다락리 195-5 더다락농장,충청북도 청주시 흥덕구 강내면 다락탑연길 59-12 더다락농장,36.6010088,127.3628654,1,yes,no,청주 더다락농장,region=청주; category is not food/beverage
pending,도미노피자오송점,도미노피자 오송점,도미노피자 오송점,2025-11,2,도미노피자 오송점,음식점>피자,"충청북도 청주시 흥덕구 오송읍 만수리 531 102, 103호","충청북도 청주시 흥덕구 오송읍 오송생명로 208-9 102, 103호",36.6302619,127.3323224,1,yes,yes,청주 도미노피자오송점,region=청주
pending,마네테이블,마네테이블,마네테이블,2025-11,2,마네테이블,"카페,디저트>카페",대전광역시 유성구 복용동 570-7 1층,대전광역시 유성구 복용남로 25 1층,36.3425091,127.3096512,1,yes,yes,대전 마네테이블,region=대전
pending,스시88오송점,스시88 오송점,스시88 오송점,2025-11;2025-12;2026-01;2026-03,6,스시88,"음식점>일식>초밥,롤",충청북도 청주시 흥덕구 오송읍 연제리 673 103호,충청북도 청주시 흥덕구 오송읍 오송생명로 161 103호,36.6324555,127.3275474,1,yes,yes,스시88오송점,region=청주
rejected,오송마트,오송마트,오송마트,2025-11,2,하나로마트 오송농협의료단점,"쇼핑,유통>슈퍼,마트",충청북도 청주시 흥덕구 오송읍 만수리 527,충청북도 청주시 흥덕구 오송읍 오송생명로 206-7,36.6300134,127.3312484,5,yes,no,청주 오송마트,"region=청주; category is not food/beverage; nearest of 5 candidates, 3.2km from KNUE; re-picked (was '오송마트')"
pending,청주경복궁,청주경복궁,청주경복궁,2025-11;2026-05,3,경복궁 청주점,"음식점>육류,고기요리",충청북도 청주시 흥덕구 강서동 495 3층,충청북도 청주시 흥덕구 2순환로 1250 3층,36.6246090,127.4307670,3,yes,yes,청주 청주경복궁,"region=청주; nearest of 3 candidates, 6.6km from KNUE; re-picked (was '경복궁갓포제주 청주점')"
rejected,커피사피엔스양천향교역점,커피사피엔스 양천향교역점,커피사피엔스 양천향교역점,2025-11,2,커피사피엔스 양천향교역점,"카페,디저트>카페",서울특별시 강서구 마곡동 777-5 마곡보타닉파크프라자 117호,서울특별시 강서구 마곡동로10길 46 마곡보타닉파크프라자 117호,37.566863,126.8399388,1,no,yes,커피사피엔스양천향교역점,outside 청주/세종/공주/대전
pending,파리바게트,파리바게트,파리바게트,2025-11;2026-02;2026-04,4,파리바게뜨 복대지웰점,"카페,디저트>베이커리","충청북도 청주시 흥덕구 복대동 3379 신영지웰시티 101, 102호","충청북도 청주시 흥덕구 대농로 43 신영지웰시티 101, 102호",36.6437885,127.4270256,5,yes,yes,청주 파리바게트,"region=청주; nearest of 5 candidates, 7.1km from KNUE; re-picked (was '파리바게뜨 청주북문점')"
rejected,(사)한국교과서협회,(사)한국교과서협회,(사)한국교과서협회,2025-11,1,,,,,,,0,,,(사)한국교과서협회,no geocoding hit
pending,1004풍천장어,1004풍천장어,1004풍천장어,2025-11,1,1004풍천민물장어,"한식>장어,먹장어요리",충청북도 청주시 흥덕구 강서동 92-2,충청북도 청주시 흥덕구 가로수로1164번길 38,36.6255708,127.4265199,1,yes,yes,청주 1004풍천장어,region=청주
pending,36.5<공감>,36.5<공감>,36.5<공감>,2025-11;2025-12,2,36.5공감,"음식점>카페,디저트",충청북도 청주시 흥덕구 강내면 탑연리 338-2,충청북도 청주시 흥덕구 강내면 태성탑연로 390,36.6177543,127.3561614,1,yes,yes,청주 36.5<공감>,region=청주
pending,56North,56North,56North,2025-11,1,노스트레베이크샵,"카페,디저트>베이커리",충청북도 청주시 상당구 용암동 1905 1층,충청북도 청주시 상당구 무농정로3번길 56 1층,36.6080584,127.5058812,1,yes,yes,청주 56North,region=청주
rejected,Therounge,The rounge,The rounge,2025-11,1,포포인츠 바이 쉐라톤 조선 서울역 더 라운지 앤 바,숙박>호텔,서울특별시 용산구 동자동 56,서울특별시 용산구 한강대로 366,37.5511247,126.9729133,5,no,no,Therounge,"outside 청주/세종/공주/대전; category is not food/beverage; nearest of 5 candidates, 110.0km from KNUE; re-picked (was '더 플라자 더라운지')"
rejected,banconegoldensquare,bancone golden square,bancone golden square,2025-11,1,,,,,,,0,,,banconegoldensquare,no geocoding hit
rejected,bromnsbristolqueensroad,bromns bristol queens road,bromns bristol queens road,2025-11,1,,,,,,,0,,,bromnsbristolqueensroad,no geocoding hit
rejected,yoriincoventgarden,yori in covent garden,yori in covent garden,2025-11,1,,,,,,,0,,,yoriincoventgarden,no geocoding hit
rejected,갑을식당,갑을식당,갑을식당,2025-11,1,갑을,음식점>한식,서울특별시 용산구 이촌동 301-53 이촌종합상가,서울특별시 용산구 이촌로77길 19 이촌종합상가,37.5203742,126.9750331,5,no,yes,갑을식당,"outside 청주/세종/공주/대전; nearest of 5 candidates, 106.7km from KNUE; re-picked (was '네츄럴푸드갑을상사')"
rejected,강내,강내,강내,2025-11,1,세종레이저,"서비스,산업>제조업",충청북도 청주시 흥덕구 강내면 태성리 373-3 세종레이저,충청북도 청주시 흥덕구 강내면 태성1길 45-1 세종레이저,36.5893476,127.3385085,1,yes,no,세종 강내,region=청주; category is not food/beverage
pending,경복궁,경복궁,경복궁,2025-11,1,경복궁 청주점,"음식점>육류,고기요리",충청북도 청주시 흥덕구 강서동 495 3층,충청북도 청주시 흥덕구 2순환로 1250 3층,36.6246090,127.4307670,3,yes,yes,청주 경복궁,"region=청주; nearest of 3 candidates, 6.6km from KNUE"
pending,고봉민김밥,고봉민김밥,고봉민김밥,2025-11,1,고봉민김밥인 청원오송점,음식점>분식,충청북도 청주시 흥덕구 오송읍 연제리 715,충청북도 청주시 흥덕구 오송읍 오송생명로 186,36.6310547,127.3297477,5,yes,yes,청주 고봉민김밥,"region=청주; nearest of 5 candidates, 3.4km from KNUE"
rejected,과일정원,과일정원,과일정원,2025-11;2026-04,5,과일정원,"쇼핑,유통>과일","충청북도 청주시 흥덕구 오송읍 봉산리 1514 근린생활시설 7동 103,104호","충청북도 청주시 흥덕구 오송읍 오송생명7로 105 근린생활시설 7동 103,104호",36.6193443,127.3138310,3,yes,no,청주 과일정원,"region=청주; category is not food/beverage; nearest of 3 candidates, 4.1km from KNUE"
pending,긴자청주점,긴자 청주점,긴자 청주점,2025-11,1,긴자 청주점,음식점>일식>일식당,충청북도 청주시 서원구 산남동 332-3,충청북도 청주시 서원구 1순환로 886,36.6168397,127.4691301,1,yes,yes,청주 긴자청주점,region=청주
pending,김밥나라,김밥나라,김밥나라,2025-11;2026-03;2026-05,4,김밥나라옥산점,음식점>분식,충청북도 청주시 흥덕구 옥산면 오산리 211-7,충청북도 청주시 흥덕구 옥산면 청주역로 661-2,36.6657348,127.3731650,5,yes,yes,청주 김밥나라,"region=청주; nearest of 5 candidates, 6.2km from KNUE; re-picked (was '김밥나라 개신점')"
pending,까망카페,까망카페,까망카페,2025-11,1,카페까망,"카페,디저트>카페",충청북도 청주시 흥덕구 지동동 675-4,충청북도 청주시 흥덕구 고락로40번길 25,36.6430688,127.4002169,4,yes,yes,청주 까망카페,"region=청주; nearest of 4 candidates, 5.1km from KNUE"
pending,깐치호깐풍기치킨,깐치호깐풍기치킨,깐치호깐풍기치킨,2025-11,1,깐치호깐풍기치킨,"음식점>치킨,닭강정",충청북도 청주시 흥덕구 강내면 월탄리 38-1 깐치호깐풍기치킨,충청북도 청주시 흥덕구 강내면 월탄3길 9 깐치호깐풍기치킨,36.6071466,127.3542489,1,yes,yes,청주 깐치호깐풍기치킨,region=청주
rejected,꾸아청주오송점,꾸아 청주오송점,꾸아 청주오송점,2025-11,1,,,,,,,0,,,꾸아청주오송점,no geocoding hit
pending,나루오송점,나루 오송점,나루 오송점,2025-11;2026-01,2,나루,"음식점>일식>초밥,롤",충청북도 청주시 흥덕구 오송읍 봉산리 1205 101호,충청북도 청주시 흥덕구 오송읍 봉산2길 55-14 101호,36.6229647,127.3199934,5,yes,yes,나루오송점,"region=청주; nearest of 5 candidates, 3.7km from KNUE"
pending,나박실식당,나박실식당,나박실식당,2025-11,1,나박실,음식점>한식,충청북도 청주시 흥덕구 가경동 1461-14,충청북도 청주시 흥덕구 풍년로119번길 20,36.6230819,127.433825,1,yes,yes,청주 나박실식당,region=청주
rejected,노브랜드청주오송점,노브랜드 청주오송점,노브랜드 청주오송점,2025-11,1,노브랜드 청주오송점,"쇼핑,유통>슈퍼,마트",충청북도 청주시 흥덕구 오송읍 봉산리 984 노브랜드 청주오송점,충청북도 청주시 흥덕구 오송읍 오송생명7로 205 노브랜드 청주오송점,36.6243149,127.3207860,3,yes,no,청주 노브랜드청주오송점,"region=청주; category is not food/beverage; nearest of 3 candidates, 3.7km from KNUE"
pending,뉴욕버거,뉴욕버거,뉴욕버거,2025-11,1,뉴욕버거 한국교원대학교점,양식>햄버거,충청북도 청주시 흥덕구 강내면 월탄리,,36.6103875,127.3585334,2,yes,yes,청주 뉴욕버거,"region=청주; nearest of 2 candidates, 0.1km from KNUE; re-picked (was '뉴욕버거 충북대학교병원점')"
rejected,늘봄흑돼지,늘봄흑돼지,늘봄흑돼지,2025-11,1,늘봄흑돼지,한식>돼지고기구이,제주특별자치도 제주시 노형동 2343-3,제주특별자치도 제주시 한라대학로 12,33.479535,126.4729273,1,no,yes,늘봄흑돼지,outside 청주/세종/공주/대전
rejected,다이닝원동백직영점,㈜다이닝원동백직영점,㈜다이닝원동백직영점,2025-11,1,다이닝원 동백직영점,"음식점>일식,초밥뷔페",경기도 용인시 기흥구 중동 833 6층,경기도 용인시 기흥구 동백죽전대로 444 6층,37.2783134,127.1517129,1,no,yes,다이닝원동백직영점,outside 청주/세종/공주/대전
pending,달달하쥬,달달하쥬,달달하쥬,2025-11,1,달달하쥬,"음식점>카페,디저트",충청북도 청주시 흥덕구 오송읍 연제리 712,충청북도 청주시 흥덕구 오송읍 오송생명3로 65-18,36.6312337,127.3276524,1,yes,yes,청주 달달하쥬,region=청주
pending,대복떡집,대복떡집,대복떡집,2025-11;2026-05,2,대복떡집,"전통식품>떡,한과",충청북도 청주시 흥덕구 봉명동 898 1층 대복떡집,충청북도 청주시 흥덕구 1순환로 589 1층 대복떡집,36.6406481,127.4610337,1,yes,yes,청주 대복떡집,region=청주
rejected,덕궁쭈꾸미삼겹살강내점,덕궁쭈꾸미삼겹살 강내점,덕궁쭈꾸미삼겹살 강내점,2025-11;2026-01,2,,,,,,,0,,,덕궁쭈꾸미삼겹살강내점,no geocoding hit
pending,도란도란,도란도란,도란도란,2025-11,1,도란도란,음식점>한식,충청북도 청주시 흥덕구 강내면 탑연리 171-3,충청북도 청주시 흥덕구 강내면 가로수로 534,36.6235495,127.3595760,5,yes,yes,청주 도란도란,"region=청주; nearest of 5 candidates, 1.4km from KNUE"
rejected,동근이숯불2층,동근이숯불2층,동근이숯불2층,2025-11,1,,,,,,,0,,,동근이숯불2층,no geocoding hit
pending,돝dot,돝dot,돝dot,2025-11,1,돝 오송,"한식>육류,고기요리",충청북도 청주시 흥덕구 오송읍 봉산리 1334 1층 103호,충청북도 청주시 흥덕구 오송읍 오송생명14로 377 1층 103호,36.6207885,127.3236726,1,yes,yes,청주 돝dot,region=청주
rejected,두마리찜닭두찜청주오송점,두마리찜닭 두찜 청주오송점,두마리찜닭 두찜 청주오송점,2025-11,1,,,,,,,0,,,두마리찜닭두찜청주오송점,no geocoding hit
rejected,듀레비이커리비하점,듀레비이커리 비하점,듀레비이커리 비하점,2025-11,1,,,,,,,0,,,듀레비이커리비하점,no geocoding hit
pending,떡마마,떡마마,떡마마,2025-11,1,떡마마 청주오송점,"전통식품>떡,한과",충청북도 청주시 흥덕구 오송읍 연제리 718 1층 101호,충청북도 청주시 흥덕구 오송읍 오송생명5로 184-4 1층 101호,36.6305627,127.3297356,4,yes,yes,청주 떡마마,"region=청주; nearest of 4 candidates, 3.4km from KNUE; re-picked (was '떡마마 청주개신점')"
pending,떡마마오송점,떡마마 오송점,떡마마 오송점,2025-11;2026-01,2,떡마마 청주오송점,"전통식품>떡,한과",충청북도 청주시 흥덕구 오송읍 연제리 718 1층 101호,충청북도 청주시 흥덕구 오송읍 오송생명5로 184-4 1층 101호,36.6305627,127.3297356,1,yes,yes,청주 떡마마오송점,region=청주
pending,뚜레쥬르,뚜레쥬르,뚜레쥬르,2025-11,1,뚜레쥬르 오송센트럴시티점,"카페,디저트>베이커리",충청북도 청주시 흥덕구 오송읍 봉산리 1523 상가 3동 104호 뚜레쥬르,충청북도 청주시 흥덕구 오송읍 오송생명7로 118 상가 3동 104호 뚜레쥬르,36.6184690,127.3120554,5,yes,yes,청주 뚜레쥬르,"region=청주; nearest of 5 candidates, 4.3km from KNUE; re-picked (was '뚜레쥬르 청주강서점')"
pending,뚜레쥬르오송파라곤점,뚜레쥬르 오송파라곤점,뚜레쥬르 오송파라곤점,2025-11,1,뚜레쥬르 오송파라곤점,"카페,디저트>베이커리",충청북도 청주시 흥덕구 오송읍 봉산리 1022,충청북도 청주시 흥덕구 오송읍 오송생명7로 164,36.6215449,127.3175428,1,yes,yes,청주 뚜레쥬르오송파라곤점,region=청주
pending,뚜레쥬르청주강서,뚜레쥬르 청주강서,뚜레쥬르 청주강서,2025-11,1,뚜레쥬르 청주강서점,"카페,디저트>베이커리",충청북도 청주시 흥덕구 가경동 1986 이노치과,충청북도 청주시 흥덕구 서현중로 35 이노치과,36.6217485,127.4291021,1,yes,yes,청주 뚜레쥬르청주강서,region=청주
rejected,롯데마트서청주점,롯데마트서청주점,롯데마트서청주점,2025-11;2025-12;2026-05;2026-06;2026-07,5,롯데마트 서청주점,"쇼핑,유통>슈퍼,마트",충청북도 청주시 흥덕구 비하동 811 1층 롯데마트 서청주점,충청북도 청주시 흥덕구 2순환로 1004 1층 롯데마트 서청주점,36.6447756,127.4215582,5,yes,no,청주 롯데마트서청주점,"region=청주; category is not food/beverage; nearest of 5 candidates, 6.7km from KNUE"
rejected,롯데수퍼,롯데수퍼,롯데수퍼,2025-11,1,롯데슈퍼 G복대점입구,도로시설>방면정보,충청북도 청주시 흥덕구 복대동,,36.6391055,127.4302031,5,yes,no,청주 롯데수퍼,"region=청주; category is not food/beverage; nearest of 5 candidates, 7.1km from KNUE; re-picked (was '롯데슈퍼 율량점')"
rejected,맥심플랜트,맥심플랜트,맥심플랜트,2025-11,1,맥심플랜트주차장입구,도로시설>방면정보,서울특별시 용산구 한남동,,37.5369557,127.0011079,3,no,no,맥심플랜트,"outside 청주/세종/공주/대전; category is not food/beverage; nearest of 3 candidates, 107.7km from KNUE; re-picked (was '맥심플랜트')"
rejected,멍게가,멍게가,멍게가,2025-11,1,멍게가,"한식>해물,생선요리",경상남도 통영시 항남동 239-42 멍게가,경상남도 통영시 동충4길 25 멍게가,34.841368,128.4227469,1,no,yes,멍게가,outside 청주/세종/공주/대전
pending,명동교자,명동교자,명동교자,2025-11,1,명동칼국수,음식점>한식,세종특별자치시 어진동 608 세종1번가 A동 2층,세종특별자치시 도움8로 81 세종1번가 A동 2층,36.5044759,127.2703613,1,yes,yes,세종 명동교자,region=세종
pending,바다식당,바다식당,바다식당,2025-11,1,엄마찬스 바다식당,음식점>한식,대전광역시 서구 갈마동 351-2 1층 103호,대전광역시 서구 갈마중로16번길 7 1층 103호,36.347537,127.3717896,1,yes,yes,대전 바다식당,region=대전
pending,버거킹오송점,버거킹 오송점,버거킹 오송점,2025-11,1,버거킹 청주오송점,양식>햄버거,충청북도 청주시 흥덕구 오송읍 연제리 713,충청북도 청주시 흥덕구 오송읍 오송생명로 178,36.6313707,127.3291117,1,yes,yes,청주 버거킹오송점,region=청주
pending,버거킹청주오송점,버거킹 청주오송점,버거킹 청주오송점,2025-11,1,버거킹 청주오송점,양식>햄버거,충청북도 청주시 흥덕구 오송읍 연제리 713,충청북도 청주시 흥덕구 오송읍 오송생명로 178,36.6313707,127.3291117,1,yes,yes,청주 버거킹청주오송점,region=청주
pending,버터버터,버터버터,버터버터,2025-11;2025-12;2026-01;2026-04;2026-05,6,버터버터,"카페,디저트>베이커리",충청북도 청주시 흥덕구 오송읍 봉산리 1037 버터버터,충청북도 청주시 흥덕구 오송읍 봉산2길 35-7 버터버터,36.6213751,127.3183836,5,yes,yes,청주 버터버터,"region=청주; nearest of 5 candidates, 3.8km from KNUE"
pending,보테가,보테가,보테가,2025-11,1,보테가,"음식점>스테이크,립",충청북도 청주시 흥덕구 강서동 469 2층,충청북도 청주시 흥덕구 가로수로1164번길 41-20 2층,36.625414,127.4280986,1,yes,yes,청주 보테가,region=청주
rejected,보테카,보테카,보테카,2025-11,1,보테카 대현프리몰창원점,"쇼핑,유통>패션",경상남도 창원시 마산회원구 합성동 586 대현프리몰창원 H4,경상남도 창원시 마산회원구 3·15대로 758 대현프리몰창원 H4,35.2385035,128.5827238,1,no,no,보테카,outside 청주/세종/공주/대전; category is not food/beverage
rejected,본정케익앤초콜릿,본정케익앤초콜릿,본정케익앤초콜릿,2025-11,1,,,,,,,0,,,본정케익앤초콜릿,no geocoding hit
pending,본죽,본죽,본죽,2025-11,1,본죽&amp;비빔밥 청주오송파라곤점,음식점>죽,충청북도 청주시 흥덕구 오송읍 봉산리 988 1층 105호,충청북도 청주시 흥덕구 오송읍 오송생명7로 146 1층 105호,36.6203920,127.3159595,5,yes,yes,청주 본죽,"region=청주; nearest of 5 candidates, 4.0km from KNUE"
pending,봉구스밥버거,봉구스밥버거,봉구스밥버거,2025-11,1,봉구스밥버거 오송점,음식점>분식,충청북도 청주시 흥덕구 오송읍 연제리 725,충청북도 청주시 흥덕구 오송읍 오송생명5로 184-16,36.6309862,127.3282302,5,yes,yes,청주 봉구스밥버거,"region=청주; nearest of 5 candidates, 3.5km from KNUE; re-picked (was '봉구스밥버거 가경2호점')"
pending,부자손짜장,부자손짜장,부자손짜장,2025-11,1,부자옛날손짜장 직영점,중식>중식당,충청북도 청주시 서원구 장암동 327-1,충청북도 청주시 서원구 궁뜰로 113,36.5951059,127.4867496,1,yes,yes,청주 부자손짜장,region=청주
pending,비프다이닝온도,비프다이닝온도,비프다이닝온도,2025-11;2026-03,2,비프다이닝 온도,음식점>한식,세종특별자치시 어진동 524 AK프라자 A관 207호 비프다이닝온도,세종특별자치시 가름로 143 AK프라자 A관 207호 비프다이닝온도,36.499085,127.2563366,1,yes,yes,세종 비프다이닝온도,region=세종
rejected,새남쪽나라횟집,새남쪽나라횟집,새남쪽나라횟집,2025-11,1,새남쪽나라횟집,"한식>해물,생선요리",경상남도 사천시 서포면 비토리 11-1,경상남도 사천시 서포면 거북길 468-103,34.965863,127.9772469,1,no,yes,새남쪽나라횟집,outside 청주/세종/공주/대전
pending,샤브마니아,샤브마니아,샤브마니아,2025-11;2026-04,2,샤브마니아 오송레이크점,음식점>일식>샤브샤브,충청북도 청주시 흥덕구 오송읍 연제리 540-1 1층 107호~110호,충청북도 청주시 흥덕구 오송읍 연제1길 24-35 1층 107호~110호,36.6264649,127.3225712,5,yes,yes,청주 샤브마니아,"region=청주; nearest of 5 candidates, 3.7km from KNUE"
pending,서브웨이오송점,서브웨이 오송점,서브웨이 오송점,2025-11;2026-03,2,써브웨이 청주오송점,음식점>샌드위치,충청북도 청주시 흥덕구 오송읍 연제리 671 1층 101호,충청북도 청주시 흥덕구 오송읍 오송생명로 165 1층 101호,36.6323873,127.3277001,1,yes,yes,청주 서브웨이오송점,region=청주
pending,선물같은오늘,선물같은오늘,선물같은오늘,2025-11,1,선물같은오늘 비하점,"카페,디저트>베이커리",충청북도 청주시 흥덕구 비하동 309-1,충청북도 청주시 흥덕구 2순환로1050번길 12,36.6411607,127.4214655,5,yes,yes,청주 선물같은오늘,"region=청주; nearest of 5 candidates, 6.5km from KNUE; re-picked (was '선물같은오늘 복대점')"
pending,세이푸드,세이푸드,세이푸드,2025-11,1,세이푸드 대전동물원점,음식점>한식,대전광역시 중구 사정동 142,대전광역시 중구 사정공원로 70,36.2888607,127.3979539,1,yes,yes,대전 세이푸드,region=대전
pending,순살치킨,순살치킨,순살치킨,2025-11,1,신광국물떡볶이 복대직영점,분식>떡볶이,충청북도 청주시 흥덕구 복대동 2599 1층 신광국물떡볶이,충청북도 청주시 흥덕구 증안로22번길 33 1층 신광국물떡볶이,36.6350591,127.4265824,5,yes,yes,청주 순살치킨,"region=청주; nearest of 5 candidates, 6.6km from KNUE"
rejected,스모코,스모코,스모코,2025-11,1,스모코 부대찌개,음식점>한식,경기도 수원시 팔달구 팔달로1가 74 B동 1층,경기도 수원시 팔달구 정조로801번길 10 B동 1층,37.2797168,127.0161439,2,no,yes,스모코,"outside 청주/세종/공주/대전; nearest of 2 candidates, 80.4km from KNUE"
pending,스타벅스오송파라곤점,스타벅스 오송파라곤점,스타벅스 오송파라곤점,2025-11,1,스타벅스 오송파라곤점,"카페,디저트>카페","충청북도 청주시 흥덕구 오송읍 봉산리 991 오송생명7로 136 103호,104호","충청북도 청주시 흥덕구 오송읍 오송생명7로 136 오송생명7로 136 103호,104호",36.6198235,127.3152298,1,yes,yes,청주 스타벅스오송파라곤점,region=청주
pending,스타벅스청주강서점,스타벅스 청주강서점,스타벅스 청주강서점,2025-11,1,스타벅스 청주강서점,"카페,디저트>카페",충청북도 청주시 흥덕구 강서동 478,충청북도 청주시 흥덕구 강서로 121 (강서동),36.6253659,127.4297111,1,yes,yes,청주 스타벅스청주강서점,region=청주
pending,싶빵공장,주식회사 싶빵공장,주식회사 싶빵공장,2025-11,1,싶빵공장 청주터미널점,"카페,디저트>베이커리",충청북도 청주시 흥덕구 가경동 1416-2 1층 1A-001-105호,충청북도 청주시 흥덕구 풍산로 15 1층 1A-001-105호,36.6262789,127.4322546,1,yes,yes,청주 싶빵공장,region=청주
pending,썬셋510,썬셋510,썬셋510,2025-11;2025-12;2026-01,4,썬셋510,"음식점>카페,디저트",충청북도 청주시 흥덕구 강내면 월탄리 135-9 1층,충청북도 청주시 흥덕구 강내면 태성탑연로 391-50 1층,36.6175854,127.3537361,1,yes,yes,청주 썬셋510,region=청주
rejected,쏘렌토,쏘렌토,쏘렌토,2025-11,1,기아 봉명대리점,"자동차>전시,판매",충청북도 청주시 흥덕구 봉명동 166-3,충청북도 청주시 흥덕구 직지대로 554,36.6431779,127.4544487,2,yes,no,청주 쏘렌토,"region=청주; category is not food/beverage; nearest of 2 candidates, 9.2km from KNUE; re-picked (was '기아 하나대리점')"
rejected,씨유,씨유,씨유,2025-11;2026-04,2,CU 청주복대지웰점,"생활,편의>편의점",충청북도 청주시 흥덕구 복대동 3226,충청북도 청주시 흥덕구 진재로109번길 55,36.6404843,127.4281974,5,yes,no,청주 씨유,"region=청주; category is not food/beverage; nearest of 5 candidates, 7.0km from KNUE; re-picked (was 'CU 서청주IC점')"
pending,아다지아레,아다지아레,아다지아레,2025-11;2025-12;2026-01;2026-06,5,아다지아레,음식점>이탈리아음식,충청북도 청주시 흥덕구 오송읍 봉산리 821 101호,충청북도 청주시 흥덕구 오송읍 봉산3길 10-1 101호,36.6229305,127.3169379,1,yes,yes,청주 아다지아레,region=청주
pending,아웃백청주점,아웃백 청주점,아웃백 청주점,2025-11;2026-01;2026-03,3,아웃백스테이크하우스 청주점,음식점>패밀리레스토랑,충청북도 청주시 흥덕구 복대동 3379 지웰시티몰 2층,충청북도 청주시 흥덕구 대농로 43 지웰시티몰 2층,36.643064,127.426896,1,yes,yes,청주 아웃백청주점,region=청주
rejected,양천샤브손칼국수마곡본점,양천샤브손칼국수마곡본점,양천샤브손칼국수마곡본점,2025-11,1,양천샤브손칼국수 마곡본점,음식점>한식,"서울특별시 강서구 마곡동 777-5 마곡 보타닉파크 프라자 1층 107호, 108호","서울특별시 강서구 마곡동로10길 46 마곡 보타닉파크 프라자 1층 107호, 108호",37.5668926,126.8395058,1,no,yes,양천샤브손칼국수마곡본점,outside 청주/세종/공주/대전
pending,여기오송,여기오송,여기오송,2025-11;2026-02;2026-03;2026-04;2026-05;2026-06,7,여기오송,"카페,디저트>베이커리",충청북도 청주시 흥덕구 오송읍 오송리 246-25 1층,충청북도 청주시 흥덕구 오송읍 오송1길 12 1층,36.6096645,127.3269361,1,yes,yes,청주 여기오송,region=청주
rejected,영칼로리포케,영칼로리포케,영칼로리포케,2025-11;2026-01,2,영칼로리 포케&amp;샐러드 청주오송점,"도시락,컵밥>다이어트,샐러드",충청북도 청주시 흥덕구 오송읍 만수리 521 예스 오피스텔 1층 101호,충청북도 청주시 흥덕구 오송읍 오송생명로 200 예스 오피스텔 1층 101호,36.6306337,127.3309683,5,yes,no,청주 영칼로리포케,"region=청주; category is not food/beverage; nearest of 5 candidates, 3.3km from KNUE; re-picked (was '영칼로리포케&amp;샐러드 오창호수공원점')"
pending,옛날솥뚜껑생삼겹살,옛날 솥뚜껑 생 삼겹살,옛날 솥뚜껑 생 삼겹살,2025-11;2026-06,2,옛날솥뚜껑생삼겹살,"한식>육류,고기요리",충청북도 청주시 흥덕구 강내면 월탄리 37,충청북도 청주시 흥덕구 강내면 태성탑연로 260,36.607344,127.3533448,1,yes,yes,청주 옛날솥뚜껑생삼겹살,region=청주
rejected,오송에이치(H)호텔세종시티,오송에이치(H)호텔 세종시티,오송에이치(H)호텔 세종시티,2025-11,1,오송 H호텔 세종시티,숙박>호텔,충청북도 청주시 흥덕구 오송읍 연제리 713 4층 오송 H호텔 세종시티,충청북도 청주시 흥덕구 오송읍 오송생명로 178 4층 오송 H호텔 세종시티,36.6313742,127.328838,1,yes,no,청주 오송에이치(H)호텔세종시티,region=청주; category is not food/beverage
pending,욘더,욘더,욘더,2025-11,1,욘더,음식점>프랑스음식,대전광역시 유성구 어은동 116-4 1층,대전광역시 유성구 대학로 233 1층,36.3626579,127.3585297,1,yes,yes,대전 욘더,region=대전
pending,우별당,우별당,우별당,2025-11;2026-06,2,우별당 오송점,한식>소고기구이,충청북도 청주시 흥덕구 오송읍 봉산리 1381 1층 101호,충청북도 청주시 흥덕구 오송읍 봉산1길 25-10 1층 101호,36.6206510,127.3218794,2,yes,yes,청주 우별당,"region=청주; nearest of 2 candidates, 3.5km from KNUE"
pending,읍천리,읍천리,읍천리,2025-11,1,읍천리382 청주오송점,"음식점>카페,디저트>카페",충청북도 청주시 흥덕구 오송읍 봉산리 1024 1층 103호,충청북도 청주시 흥덕구 오송읍 오송생명7로 168 1층 103호,36.6217441,127.3177953,5,yes,yes,청주 읍천리,"region=청주; nearest of 5 candidates, 3.9km from KNUE; re-picked (was '읍천리382 충북대점')"
rejected,이금돈지,이금돈지,이금돈지,2025-11,1,이금돈지 통갈치조림 제주공항본점,"한식>해물,생선요리",제주특별자치도 제주시 연동 293-44,제주특별자치도 제주시 노연로 143,33.4860897,126.4953642,2,no,yes,이금돈지,"outside 청주/세종/공주/대전; nearest of 2 candidates, 356.2km from KNUE"
rejected,이어도,이어도,이어도,2025-11,1,이어도식품,제조업>식료품제조,대전광역시 동구 대별동 229-1,대전광역시 동구 이사로 48,36.2868872,127.4534289,1,yes,no,대전 이어도,region=대전; category is not food/beverage
rejected,인기명충북혁신도시점,인기명충북혁신도시점,인기명충북혁신도시점,2025-11,1,인기명 충북혁신도시점,"한식>해물,생선요리",충청북도 진천군 덕산읍 두촌리 2463 성하빌딩3차 2층 204호,충청북도 진천군 덕산읍 시가로 46 성하빌딩3차 2층 204호,36.9046098,127.5359063,1,no,yes,인기명충북혁신도시점,outside 청주/세종/공주/대전
pending,전주복집,전주복집,전주복집,2025-11;2026-04;2026-06;2026-07,5,전주복집,"해물,생선요리>복어요리",대전광역시 유성구 봉명동 540-12 경재빌딩 2층,대전광역시 유성구 온천로101번길 10 경재빌딩 2층,36.3548584,127.3492994,2,yes,yes,대전 전주복집,"region=대전; nearest of 2 candidates, 28.5km from KNUE"
rejected,정도푸드,정도푸드,정도푸드,2025-11,1,정도푸드,음식>급식,대전광역시 유성구 관평동 940 19층 1912호,대전광역시 유성구 테크노중앙로 50 19층 1912호,36.426278,127.3906669,1,yes,no,대전 정도푸드,region=대전; category is not food/beverage
pending,주문진물회.탕.구이,주문진물회.탕.구이,주문진물회.탕.구이,2025-11,1,주문진 물회 탕구이,한식>생선구이,충청북도 청주시 흥덕구 오송읍 만수리 754,충청북도 청주시 흥덕구 오송읍 만수길 20,36.6238898,127.3273156,1,yes,yes,청주 주문진물회.탕.구이,region=청주
pending,지원이네,지원이네,지원이네,2025-11,1,지원이네 생삼겹살,"한식>육류,고기요리",충청북도 청주시 흥덕구 가경동 1062 1층 지원이네삼겹살,충청북도 청주시 흥덕구 풍년로180번길 15 1층 지원이네삼겹살,36.6285494,127.4323825,1,yes,yes,청주 지원이네,region=청주
pending,청주우설화,청주우설화,청주우설화,2025-11,1,우설화 청주점,"음식점>한식>육류,고기요리>소고기구이",충청북도 청주시 서원구 산남동 332-3,충청북도 청주시 서원구 1순환로 886,36.6167718,127.469199,1,yes,yes,청주 청주우설화,region=청주
rejected,초원의집,초원의집,초원의집,2025-11,1,초원의집,"시설,건물>주택",충청북도 청주시 흥덕구 복대동 2800,충청북도 청주시 흥덕구 짐대로46번길 16,36.6323400,127.4267120,2,yes,no,청주 초원의집,"region=청주; category is not food/beverage; nearest of 2 candidates, 6.5km from KNUE"
pending,축제한정식,축제한정식,축제한정식,2025-11,1,축제한정식,한식>한정식,충청북도 청주시 흥덕구 오송읍 정중리 339-1,충청북도 청주시 흥덕구 오송읍 정중연제로 118-4,36.6132666,127.30268,1,yes,yes,청주 축제한정식,region=청주
rejected,충북장애인생산품판매시설,충북장애인생산품판매시설,충북장애인생산품판매시설,2025-11,1,충청북도장애인생산품판매시설,"쇼핑,유통>건강,의료용품",충청북도 청주시 흥덕구 복대동 262,충청북도 청주시 흥덕구 공단로 87,36.6393581,127.4391422,1,yes,no,충북장애인생산품판매시설,region=청주; category is not food/beverage
pending,치킨마루,치킨마루,치킨마루,2025-11,1,치킨마루 오송점,"음식점>치킨,닭강정",충청북도 청주시 흥덕구 오송읍 봉산리 1456 102호,충청북도 청주시 흥덕구 오송읍 오송생명14로 351 102호,36.6188169,127.3225936,1,yes,yes,청주 치킨마루,region=청주
rejected,카멜커피,카멜커피,카멜커피,2025-11,1,카멜커피 리움미술관점,"음식점>카페,디저트",서울특별시 용산구 한남동 742-1 리움미술관 로비 지하3층,서울특별시 용산구 이태원로55길 60-16 리움미술관 로비 지하3층,37.5379677,126.9993799,5,no,yes,카멜커피,"outside 청주/세종/공주/대전; nearest of 5 candidates, 107.9km from KNUE; re-picked (was '카멜커피 신세계백화점 본점')"
pending,카페드림충청대학교,카페드림충청대학교,카페드림충청대학교,2025-11,1,카페드림 충청대학교 D동점,"카페,디저트>카페",충청북도 청주시 흥덕구 강내면 월곡리 301-3 충청대학교 D동,충청북도 청주시 흥덕구 강내면 월곡길 38 충청대학교 D동,36.6202565,127.3671154,2,yes,yes,청주 카페드림충청대학교,"region=청주; nearest of 2 candidates, 1.3km from KNUE"
pending,카페정다운,카페정다운,카페정다운,2025-11,1,카페정다운 샌드위치,양식>샌드위치,충청북도 청주시 서원구 사창동 148-3 1층 카페정다운 샌드위치,충청북도 청주시 서원구 사직대로 107 1층 카페정다운 샌드위치,36.6350702,127.4592604,1,yes,yes,청주 카페정다운,region=청주
pending,커즌베이크,커즌베이크,커즌베이크,2025-11,1,커즌베이크,"음식점>카페,디저트",충청북도 청주시 흥덕구 송절동 666 103호,충청북도 청주시 흥덕구 송화로108번길 41 103호,36.6631984,127.4492032,1,yes,yes,청주 커즌베이크,region=청주
pending,컬처푸드,컬처푸드,컬처푸드,2025-11,1,풀무원푸드앤컬처,음식점>한식,충청북도 청주시 청원구 오창읍 각리 653-3,충청북도 청주시 청원구 오창읍 과학산업3로 105,36.7001045,127.4212606,1,yes,yes,청주 컬처푸드,region=청주
pending,코다리밥상,코다리밥상,코다리밥상,2025-11,1,코다리밥상,음식점>한식,충청북도 청주시 서원구 성화동 17-6,충청북도 청주시 서원구 구룡산로 118,36.6144063,127.4585427,1,yes,yes,청주 코다리밥상,region=청주
rejected,토방촌,토방촌,토방촌,2025-11,1,토방촌,"한식>찌개,전골",충청북도 증평군 증평읍 초중리 585-12 토방촌,충청북도 증평군 증평읍 초중11길 11 토방촌,36.7808255,127.5746970,4,no,yes,토방촌,"outside 청주/세종/공주/대전; nearest of 4 candidates, 27.0km from KNUE"
pending,토프레소청원오송점,토프레소 청원 오송점,토프레소 청원 오송점,2025-11,1,토프레소 청원 오송점,"카페,디저트>카페",충청북도 청주시 흥덕구 오송읍 연제리 717 새마을금고 BD 103호,충청북도 청주시 흥덕구 오송읍 오송생명3로 65-33 새마을금고 BD 103호,36.6308202,127.3296729,1,yes,yes,청주 토프레소청원오송점,region=청주
pending,파니노키친,파니노키친,파니노키친,2025-11,1,파니노키친,양식>샌드위치,대전광역시 서구 월평동 830 1층 101호,대전광역시 서구 계룡로319번길 10 1층 101호,36.3551294,127.364654,1,yes,yes,대전 파니노키친,region=대전
pending,프레드피자,프레드피자,프레드피자,2025-11,1,프레드피자 청주옥산점,음식점>양식>피자,충청북도 청주시 흥덕구 옥산면 가락리 469-9 1층 103호,충청북도 청주시 흥덕구 옥산면 가락길 32 1층 103호,36.6694920,127.3834553,5,yes,yes,청주 프레드피자,"region=청주; nearest of 5 candidates, 6.9km from KNUE; re-picked (was '프레드피자 청주흥덕점')"
pending,피자나라,피자나라,피자나라,2025-11,1,피나치공 청주오송점,음식점>피자,충청북도 청주시 흥덕구 오송읍 봉산리 1215 1층 피자나라치킨공주,충청북도 청주시 흥덕구 오송읍 오송생명7로 190 1층 피자나라치킨공주,36.6230705,127.3196588,5,yes,yes,청주 피자나라,"region=청주; nearest of 5 candidates, 3.7km from KNUE; re-picked (was '피나치공 청주복대점')"
pending,피자마루,피자마루,피자마루,2025-11,1,피자마루 충북오송점,음식점>피자,충청북도 청주시 흥덕구 오송읍 연제리 722 106호,충청북도 청주시 흥덕구 오송읍 오송생명5로 184-6 106호,36.6308541,127.3293623,5,yes,yes,청주 피자마루,"region=청주; nearest of 5 candidates, 3.4km from KNUE; re-picked (was '피자마루 청주금천점')"
pending,하노이별세종,하노이별 세종,하노이별 세종,2025-11,1,하노이별 세종점,음식점>베트남음식,세종특별자치시 어진동 539 KT&G 세종타워A 304호,세종특별자치시 한누리대로 411 KT&G 세종타워A 304호,36.5011313,127.2588646,1,yes,yes,세종 하노이별세종,region=세종
pending,한성양꼬치,한성양꼬치,한성양꼬치,2025-11,1,한성양꼬치 청주점,중식>양꼬치,충청북도 청주시 흥덕구 복대동 292-24 103호,충청북도 청주시 흥덕구 진재로 91 103호,36.6394807,127.4300708,1,yes,yes,청주 한성양꼬치,region=청주
rejected,행운모싯잎송편,행운모싯잎송편,행운모싯잎송편,2025-11,1,행운모싯잎송편,"카페,디저트>떡카페",전남광주통합특별시 담양군 고서면 성월리 1-3 1층 행운모싯잎송편,전남광주통합특별시 담양군 고서면 창평현로 242 1층 행운모싯잎송편,35.2236120,126.9790419,2,no,yes,행운모싯잎송편,"outside 청주/세종/공주/대전; nearest of 2 candidates, 158.0km from KNUE"
rejected,홈플러스청주성안점,홈플러스 청주성안점,홈플러스 청주성안점,2025-11,1,홈플러스 청주성안점,"쇼핑,유통>슈퍼,마트",충청북도 청주시 상당구 서문동 157-14,충청북도 청주시 상당구 사직대로 346,36.6360176,127.4857962,5,yes,no,청주 홈플러스청주성안점,"region=청주; category is not food/beverage; nearest of 5 candidates, 11.7km from KNUE"
rejected,황금알파닭탕수육,황금알파닭탕수육,황금알파닭탕수육,2025-11,1,,,,,,,0,,,황금알파닭탕수육,no geocoding hit
pending,회관카페,회관카페,회관카페,2025-11,1,꿈엔카페 지방자치회관점,"음식점>카페,디저트",세종특별자치시 어진동 661,세종특별자치시 갈매로 358,36.4942068,127.2631198,1,yes,yes,세종 회관카페,region=세종
pending,인천어시장,인천어시장,인천어시장,2025-12;2026-01;2026-03;2026-06,9,인천어시장,한식>생선회,충청북도 청주시 흥덕구 오송읍 만수리 758,충청북도 청주시 흥덕구 오송읍 만수1길 15,36.6239105,127.328229,1,yes,yes,청주 인천어시장,region=청주
rejected,달콤커피천안삼거리휴게소,달콤커피 천안삼거리휴게소,달콤커피 천안삼거리휴게소,2025-12,2,달콤커피 천안삼거리휴게소점,"카페,디저트>카페",충청남도 천안시 동남구 삼룡동 173-1,충청남도 천안시 동남구 쉼1길 42,36.7870722,127.173763,1,no,yes,달콤커피천안삼거리휴게소,outside 청주/세종/공주/대전
pending,더덕솥뚜껑삼겹살,더덕솥뚜껑삼겹살,더덕솥뚜껑삼겹살,2025-12,2,더덕솥뚜껑삼겹살 오송점,한식>돼지고기구이,충청북도 청주시 흥덕구 오송읍 만수리 685,충청북도 청주시 흥덕구 오송읍 만수길 13-9,36.6242037,127.3261292,5,yes,yes,청주 더덕솥뚜껑삼겹살,"region=청주; nearest of 5 candidates, 3.3km from KNUE; re-picked (was '더덕솥뚜껑삼겹살')"
pending,더멜,더멜,더멜,2025-12;2026-03;2026-04;2026-05,5,더멜,브런치카페,충청북도 청주시 흥덕구 비하동 473 더멜,충청북도 청주시 흥덕구 주봉로15번길 11 더멜,36.6278591,127.4155911,1,yes,yes,청주 더멜,region=청주
pending,명성보리밥쌈밥,명성보리밥쌈밥,명성보리밥쌈밥,2025-12,2,명성보리밥쌈밥,한식>쌈밥,충청북도 청주시 흥덕구 강내면 탑연리 268-5 명성보리밥쌈밥,충청북도 청주시 흥덕구 강내면 가로수로 501 명성보리밥쌈밥,36.623807,127.3556072,1,yes,yes,청주 명성보리밥쌈밥,region=청주
pending,샌디치와,샌디치와,샌디치와,2025-12;2026-01;2026-05;2026-06,7,샌디치와,"음식점>카페,디저트","충청북도 청주시 흥덕구 오송읍 봉산리 798 파라곤1차 정문 상가 (203동 5,6,라인 앞)","충청북도 청주시 흥덕구 오송읍 오송생명7로 151 파라곤1차 정문 상가 (203동 5,6,라인 앞)",36.6205287,127.3148587,1,yes,yes,청주 샌디치와,region=청주
rejected,샐러바웃오송점,샐러바웃오송점,샐러바웃오송점,2025-12;2026-05,3,샐러바웃 오송점,"도시락,컵밥>다이어트,샐러드",충청북도 청주시 흥덕구 오송읍 연제리 704 101호 샐러바웃 오송점,충청북도 청주시 흥덕구 오송읍 오송생명로 162 101호 샐러바웃 오송점,36.6320123,127.3271208,1,yes,no,청주 샐러바웃오송점,region=청주; category is not food/beverage
pending,솜브,솜브,솜브,2025-12,2,솜브,브런치카페,"세종특별자치시 조치원읍 원리 141-53 행복주택 상가 1층, 106호","세종특별자치시 조치원읍 충현로 154 행복주택 상가 1층, 106호",36.6025842,127.2950821,1,yes,yes,세종 솜브,region=세종
pending,청주한우,청주한우,청주한우,2025-12,2,경복궁갓포제주 청주점,음식점>한식,충청북도 청주시 흥덕구 비하동 812 3동 2층,충청북도 청주시 흥덕구 2순환로 1020 3동 2층,36.6439294,127.4220617,5,yes,yes,청주 청주한우,"region=청주; nearest of 5 candidates, 6.7km from KNUE; re-picked (was '청주한우 청우')"
pending,프랭크버거,프랭크버거,프랭크버거,2025-12,2,프랭크버거 오송바이오폴리스점,음식점>햄버거,충청북도 청주시 흥덕구 오송읍 봉산리 1001 스타플릭스2차 103호,충청북도 청주시 흥덕구 오송읍 오송생명8로 169 스타플릭스2차 103호,36.6184550,127.3176183,5,yes,yes,청주 프랭크버거,"region=청주; nearest of 5 candidates, 3.8km from KNUE"
rejected,현후상회,현후상회,현후상회,2025-12,2,현후상회,"쇼핑,유통>유기농산물",제주특별자치도 제주시 일도일동 1479-1,제주특별자치도 제주시 동문로 4,33.5129066,126.5269613,1,no,no,현후상회,outside 청주/세종/공주/대전; category is not food/beverage
pending,36.5,36.5,36.5,2025-12;2026-01;2026-06,3,36.5공감,"음식점>카페,디저트",충청북도 청주시 흥덕구 강내면 탑연리 338-2,충청북도 청주시 흥덕구 강내면 태성탑연로 390,36.6177543,127.3561614,3,yes,yes,청주 36.5,"region=청주; nearest of 3 candidates, 0.8km from KNUE"
rejected,365.공감,365.공감,365.공감,2025-12,1,공감삼육오협동조합,"협회,단체>평생교육",경기도 화성시 동탄구 신동 748,경기도 화성시 동탄구 동탄신리천로5가길 35 3873동 1층,37.1851362,127.1426552,5,no,no,365.공감,"outside 청주/세종/공주/대전; category is not food/beverage; nearest of 5 candidates, 66.7km from KNUE; re-picked (was '24시공감365동물의료센터')"
rejected,GS25용평타워프라자,GS25용평타워프라자,GS25용평타워프라자,2025-12,1,GS25 용평타워프라자점,"생활,편의>편의점",강원특별자치도 평창군 대관령면 용산리 130,강원특별자치도 평창군 대관령면 올림픽로 715,37.6302657,128.675486,1,no,no,GS25용평타워프라자,outside 청주/세종/공주/대전; category is not food/beverage
rejected,ikovoxcoffee_samsung,ikovoxcoffee_samsung,ikovoxcoffee_samsung,2025-12,1,,,,,,,0,,,ikovoxcoffee_samsung,no geocoding hit
rejected,경화대반점,경화대반점,경화대반점,2025-12,1,경화대반점 전기차충전소,"교통,운수서비스>전기차충전소",충청북도 청주시 서원구 산남동 328-1,충청북도 청주시 서원구 1순환로 866,36.6186374,127.4682513,2,yes,no,청주 경화대반점,"region=청주; category is not food/beverage; nearest of 2 candidates, 9.8km from KNUE; re-picked (was '경화대반점')"
pending,고기싸롱,고기싸롱,고기싸롱,2025-12,1,고기싸롱 청주오송점,"한식>육류,고기요리",충청북도 청주시 흥덕구 오송읍 봉산리 1001 2층 206~208호,충청북도 청주시 흥덕구 오송읍 오송생명8로 169 2층 206~208호,36.618449,127.3175211,1,yes,yes,청주 고기싸롱,region=청주
rejected,공차파르나스몰,공차 파르나스몰,공차 파르나스몰,2025-12,1,공차 파르나스몰점,"카페,디저트>차",서울특별시 강남구 삼성동 159-8 B1,서울특별시 강남구 테헤란로 521 B1,37.5095283,127.0614385,1,no,yes,공차파르나스몰,outside 청주/세종/공주/대전
pending,교동면옥청주죽림점,교동면옥 청주죽림점,교동면옥 청주죽림점,2025-12,1,교동면옥 청주죽림점,한식>냉면,충청북도 청주시 서원구 남이면 석판리 7-1 교동면옥 청주죽림점,충청북도 청주시 서원구 남이면 대림로 380 교동면옥 청주죽림점,36.6045692,127.4410433,1,yes,yes,청주 교동면옥청주죽림점,region=청주
rejected,굴비곳간,굴비곳간,굴비곳간,2025-12,1,굴비곳간,음식점>한식,제주특별자치도 제주시 이도이동 1077-1 1층,제주특별자치도 제주시 남광북3길 16 1층,33.494779,126.5361505,1,no,yes,굴비곳간,outside 청주/세종/공주/대전
rejected,금강복사인쇄,금강복사인쇄,금강복사인쇄,2025-12,1,금강복사인쇄,인쇄업>경인쇄,충청북도 청주시 흥덕구 강내면 월탄리 39-5,충청북도 청주시 흥덕구 강내면 월탄3길 3,36.6069146,127.3538920,2,yes,no,청주 금강복사인쇄,"region=청주; category is not food/beverage; nearest of 2 candidates, 0.6km from KNUE"
rejected,금관할인마트,㈜금관할인마트,㈜금관할인마트,2025-12;2026-04,2,금관할인마트,"쇼핑,유통>슈퍼,마트",충청북도 청주시 흥덕구 강내면 탑연리 279-6 금관할인마트,충청북도 청주시 흥덕구 강내면 태성탑연로 445 금관할인마트,36.6220787,127.3581960,5,yes,no,청주 금관할인마트,"region=청주; category is not food/beverage; nearest of 5 candidates, 1.2km from KNUE"
rejected,기운쎈수산센터,기운쎈수산센터,기운쎈수산센터,2025-12;2026-01;2026-02,4,,,,,,,0,,,기운쎈수산센터,no geocoding hit
pending,김가네더덕밥,김가네더덕밥,김가네더덕밥,2025-12;2026-07;2026-08,3,김가네더덕밥,음식점>한식,충청북도 청주시 서원구 죽림동 146-7,충청북도 청주시 서원구 대림로421번길 24,36.6078171,127.4401712,1,yes,yes,청주 김가네더덕밥,region=청주
rejected,김정훈샤브칼국수&윤카페,김정훈샤브칼국수&윤카페,김정훈샤브칼국수&윤카페,2025-12,1,,,,,,,0,,,김정훈샤브칼국수&윤카페,no geocoding hit
rejected,다로베,다로베,다로베,2025-12,1,다로베,음식점>이탈리아음식,서울특별시 성동구 성수동1가 685-295 1층,서울특별시 성동구 서울숲길 51 1층,37.5482285,127.0431384,1,no,yes,다로베,outside 청주/세종/공주/대전
rejected,다이소,다이소,다이소,2025-12,1,다이소 NC청주점,"쇼핑,유통>종합생활용품",충청북도 청주시 흥덕구 가경동 1416-3 4층,충청북도 청주시 흥덕구 2순환로 1233 4층,36.6263586,127.4313942,5,yes,no,청주 다이소,"region=청주; category is not food/beverage; nearest of 5 candidates, 6.7km from KNUE"
rejected,단아한프롯,단아한프롯,단아한프롯,2025-12;2026-02;2026-03;2026-04,7,,,,,,,0,,,단아한프롯,no geocoding hit
pending,단풍나무,단풍나무,단풍나무,2025-12;2026-01,2,단풍나무두번째이야기,음식점>이탈리아음식,충청북도 청주시 서원구 죽림동 131-2,충청북도 청주시 서원구 대림로 410,36.6072541,127.4414478,4,yes,yes,청주 단풍나무,"region=청주; nearest of 4 candidates, 7.4km from KNUE; re-picked (was '단풍나무')"
pending,도미노피자,도미노피자,도미노피자,2025-12;2026-03,2,도미노피자 오송점,음식점>피자,"충청북도 청주시 흥덕구 오송읍 만수리 531 102, 103호","충청북도 청주시 흥덕구 오송읍 오송생명로 208-9 102, 103호",36.6302619,127.3323224,5,yes,yes,청주 도미노피자,"region=청주; nearest of 5 candidates, 3.2km from KNUE; re-picked (was '도미노피자 상당점')"
pending,돝,돝,돝,2025-12,1,돝 오송,"한식>육류,고기요리",충청북도 청주시 흥덕구 오송읍 봉산리 1334 1층 103호,충청북도 청주시 흥덕구 오송읍 오송생명14로 377 1층 103호,36.6207885,127.3236726,1,yes,yes,청주 돝,region=청주
rejected,드림마트,드림마트,드림마트,2025-12;2026-02,2,드림마트입구,도로시설>방면정보,충청북도 청주시 흥덕구 오송읍 연제리,,36.6312434,127.3280064,5,yes,no,청주 드림마트,"region=청주; category is not food/beverage; nearest of 5 candidates, 3.6km from KNUE; re-picked (was '크린토피아 오송드림마트점')"
rejected,디아이에이치에이엠씨,(주)디아이에이치에이엠씨,(주)디아이에이치에이엠씨,2025-12;2026-06,2,디아이에이치에이엠씨,"금융,보험>환전소",제주특별자치도 제주시 이도이동 1025-8,제주특별자치도 제주시 중앙로 304,33.4935063,126.534348,1,no,no,디아이에이치에이엠씨,outside 청주/세종/공주/대전; category is not food/beverage
pending,로버스그릴,로버스그릴,로버스그릴,2025-12,1,로버스그릴 야외바베큐,"한식>육류,고기요리",충청북도 청주시 흥덕구 강내면 탑연리 295-9,충청북도 청주시 흥덕구 강내면 가로수로 480-2,36.6219828,127.3533485,1,yes,yes,청주 로버스그릴,region=청주
pending,로빈카페,로빈카페,로빈카페,2025-12,1,로빈카페 오송점,"카페,디저트>카페",충청북도 청주시 흥덕구 오송읍 만수리 842 1층 로빈카페,충청북도 청주시 흥덕구 오송읍 오송생명3로 183 1층 로빈카페,36.6226172,127.3276108,4,yes,yes,청주 로빈카페,"region=청주; nearest of 4 candidates, 3.1km from KNUE"
pending,롯데리아,롯데리아,롯데리아,2025-12,1,롯데리아 충북오송2지구점,양식>햄버거,충청북도 청주시 흥덕구 오송읍 봉산리 994,충청북도 청주시 흥덕구 오송읍 오송생명11로 48,36.6191492,127.3158899,5,yes,yes,청주 롯데리아,"region=청주; nearest of 5 candidates, 3.9km from KNUE; re-picked (was '롯데리아 청주대학점')"
rejected,롯데마트제주점,롯데마트제주점,롯데마트제주점,2025-12,1,롯데마트 제주점,"쇼핑,유통>슈퍼,마트",제주특별자치도 제주시 노형동 708 롯데마트,제주특별자치도 제주시 연북로 1 롯데마트,33.4824236,126.4820546,5,no,no,롯데마트제주점,"outside 청주/세종/공주/대전; category is not food/beverage; nearest of 5 candidates, 356.9km from KNUE"
pending,마레,마레,마레,2025-12,1,카페마레,"음식점>카페,디저트",충청북도 청주시 흥덕구 강내면 탑연리 42-5 1층 마레,충청북도 청주시 흥덕구 강내면 다락탑연길 238 1층 마레,36.6138004,127.3607448,5,yes,yes,청주 마레,"region=청주; nearest of 5 candidates, 0.4km from KNUE; re-picked (was '까페마레')"
rejected,마지막해녀,마지막해녀,마지막해녀,2025-12,1,마지막해녀,음식점>일식>일식당,제주특별자치도 제주시 이도이동 1055-4 1층,제주특별자치도 제주시 고산동산5길 3-4 1층,33.4960508,126.5334735,1,no,yes,마지막해녀,outside 청주/세종/공주/대전
pending,맥아당,맥아당,맥아당,2025-12;2026-02;2026-07,3,맥아당제과,"카페,디저트>베이커리",충청북도 청주시 서원구 사직동 231-21 맥아당 앤 직지빵,충청북도 청주시 서원구 사운로 88 맥아당 앤 직지빵,36.636957,127.4793625,1,yes,yes,청주 맥아당,region=청주
pending,맨스그릴,맨스그릴,맨스그릴,2025-12,1,포크바이맨스그릴,"한식>육류,고기요리",충청북도 청주시 흥덕구 오송읍 연제리 706 2층,충청북도 청주시 흥덕구 오송읍 오송생명로 166 2층,36.6318975,127.3274685,2,yes,yes,청주 맨스그릴,"region=청주; nearest of 2 candidates, 3.6km from KNUE; re-picked (was '맨스그릴')"
rejected,무월식탁파르나스몰점,무월식탁 파르나스몰점,무월식탁 파르나스몰점,2025-12,1,,,,,,,0,,,무월식탁파르나스몰점,no geocoding hit
pending,민속떡방앗간,민속떡방앗간,민속떡방앗간,2025-12,1,민속떡방앗간,제조업>떡류제조,충청북도 청주시 흥덕구 강내면 탑연리 275-24 1층,충청북도 청주시 흥덕구 강내면 태성탑연로 457 1층,36.6231496,127.3584184,1,yes,yes,청주 민속떡방앗간,region=청주
rejected,반지하본점별관,반지하본점별관,반지하본점별관,2025-12,1,,,,,,,0,,,반지하본점별관,no geocoding hit
rejected,백년토종삼계탕,백년토종삼계탕,백년토종삼계탕,2025-12,1,백년토종삼계탕 국방가든,"한식>백숙,삼계탕",서울특별시 용산구 용산동3가 1 국방부 종합민원실 지하1층,서울특별시 용산구 이태원로 22 국방부 종합민원실 지하1층,37.5344504,126.9774803,5,no,yes,백년토종삼계탕,"outside 청주/세종/공주/대전; nearest of 5 candidates, 108.1km from KNUE; re-picked (was '백년토종삼계탕')"
pending,복호두,복호두,복호두,2025-12,1,복호두 청주터미널점,"음식점>카페,디저트>호두과자",충청북도 청주시 흥덕구 강서동 482 강서베리굿 2차 1층 105호,충청북도 청주시 흥덕구 강서로 111 강서베리굿 2차 1층 105호,36.6249919,127.4287025,4,yes,yes,청주 복호두,"region=청주; nearest of 4 candidates, 6.4km from KNUE"
pending,본궁석갈비,본궁석갈비,본궁석갈비,2025-12,1,본궁석갈비,음식점>한식,충청북도 청주시 흥덕구 강서동 204-9 1층 본궁석갈비,충청북도 청주시 흥덕구 가포산로 197 1층 본궁석갈비,36.61548,127.4221108,1,yes,yes,청주 본궁석갈비,region=청주
pending,부리부리브리또서원대점,부리부리브리또 서원대점,부리부리브리또 서원대점,2025-12,1,부리부리브리또 서원대점,"음식점>멕시코,남미음식",충청북도 청주시 서원구 모충동 231-41 . 지하1층,충청북도 청주시 서원구 서원남로58번길 11 . 지하1층,36.6228793,127.4815351,1,yes,yes,청주 부리부리브리또서원대점,region=청주
pending,북창동순두부,북창동순두부,북창동순두부,2025-12,1,북창동순두부 세종점,한식>두부요리,"세종특별자치시 나성동 829 803동 1층 132호, 133호, 134호","세종특별자치시 나성북1로 51 803동 1층 132호, 133호, 134호",36.4918779,127.2623339,1,yes,yes,세종 북창동순두부,region=세종
pending,블루체어라운지,블루체어라운지,블루체어라운지,2025-12;2026-02,2,블루체어라운지카페,브런치카페,충청북도 청주시 서원구 미평동 323-1 1층 블루체어라운지 카페,충청북도 청주시 서원구 2순환로 1618 미평동 1층 블루체어라운지 카페,36.6013834,127.4586144,1,yes,yes,청주 블루체어라운지,region=청주
pending,삼학도회수산,삼학도회수산,삼학도회수산,2025-12;2026-01,2,삼학도회수산,한식>생선회,충청북도 청주시 흥덕구 비하동 764,충청북도 청주시 흥덕구 비하로 30,36.6297969,127.4252580,2,yes,yes,청주 삼학도회수산,"region=청주; nearest of 2 candidates, 6.3km from KNUE"
pending,삿뽀로청주점,삿뽀로 청주점,삿뽀로 청주점,2025-12,1,삿뽀로 청주점,음식점>일식>일식당,충청북도 청주시 흥덕구 강서동 495,충청북도 청주시 흥덕구 2순환로 1250,36.624557,127.430783,1,yes,yes,청주 삿뽀로청주점,region=청주
pending,상춘고택,상춘고택,상춘고택,2025-12;2026-01;2026-05,3,상춘고택,한식>한정식,충청북도 청주시 흥덕구 옥산면 소로리 520 상춘고택 전용 주차장 소로리520번지,충청북도 청주시 흥덕구 옥산면 소로2길 19 상춘고택 전용 주차장 소로리520번지,36.6869548,127.4072982,1,yes,yes,청주 상춘고택,region=청주
pending,샤브마니아오송레이크점,샤브마니아 오송레이크점,샤브마니아 오송레이크점,2025-12;2026-01,2,샤브마니아 오송레이크점,음식점>일식>샤브샤브,충청북도 청주시 흥덕구 오송읍 연제리 540-1 1층 107호~110호,충청북도 청주시 흥덕구 오송읍 연제1길 24-35 1층 107호~110호,36.6264649,127.3225712,1,yes,yes,청주 샤브마니아오송레이크점,region=청주
pending,샤브올데이,샤브올데이,샤브올데이,2025-12,1,샤브올데이 청주복대점,음식점>일식>샤브샤브,충청북도 청주시 흥덕구 비하동 354-1 2층,충청북도 청주시 흥덕구 2순환로 1063 2층,36.6400830,127.4227518,3,yes,yes,청주 샤브올데이,"region=청주; nearest of 3 candidates, 6.6km from KNUE; re-picked (was '샤브올데이 청주터미널점')"
pending,셀렉커피랩,셀렉커피랩,셀렉커피랩,2025-12,1,셀렉커피랩 청주오송점,"음식점>카페,디저트","충청북도 청주시 흥덕구 오송읍 봉산리 1339 102호, 103호","충청북도 청주시 흥덕구 오송읍 오송생명13로 12 102호, 103호",36.621301,127.3229889,1,yes,yes,청주 셀렉커피랩,region=청주
pending,소로리,소로리,소로리,2025-12,1,소로리솥밥 가경직영점,음식점>한식,충청북도 청주시 흥덕구 가경동 639-1 B105호 소로리솥밥 가경직영점,충청북도 청주시 흥덕구 서현남로 16 B105호 소로리솥밥 가경직영점,36.6155406,127.4252953,5,yes,yes,청주 소로리,"region=청주; nearest of 5 candidates, 6.0km from KNUE; re-picked (was '소로리 청주본점')"
pending,소소븐화덕피자,소소븐 화덕피자,소소븐 화덕피자,2025-12,1,소소븐 화덕피자,음식점>피자,충청북도 청주시 흥덕구 오송읍 연제리 725 1층 소소븐화덕피자,충청북도 청주시 흥덕구 오송읍 오송생명5로 184-16 1층 소소븐화덕피자,36.6309493,127.328321,1,yes,yes,청주 소소븐화덕피자,region=청주
pending,소예담,소예담,소예담,2025-12;2026-01,2,소예담 Part2,음식점>한식,충청북도 청주시 서원구 수곡동 201-3 지도,충청북도 청주시 서원구 매봉로76번길 38 지도,36.6168508,127.4804839,2,yes,yes,청주 소예담,"region=청주; nearest of 2 candidates, 10.9km from KNUE; re-picked (was '소예담')"
pending,송담추어탕,송담추어탕,송담추어탕,2025-12,1,송담추어탕 청주 가경점,한식>추어탕,충청북도 청주시 흥덕구 가경동 1454-6,충청북도 청주시 흥덕구 풍년로150번길 42,36.6265665,127.4355568,3,yes,yes,청주 송담추어탕,"region=청주; nearest of 3 candidates, 7.1km from KNUE; re-picked (was '송담추어탕 봉명점')"
pending,수기제과,수기제과,수기제과,2025-12,1,수기제과,"음식점>카페,디저트",충청북도 청주시 흥덕구 오송읍 봉산리 1476 102호,충청북도 청주시 흥덕구 오송읍 오송생명14로 337 102호,36.6178502,127.3217544,1,yes,yes,청주 수기제과,region=청주
rejected,순남시래기오송점,순남시래기 오송점,순남시래기 오송점,2025-12,1,,,,,,,0,,,순남시래기오송점,no geocoding hit
rejected,스타벅스오송바이오산단지점,스타벅스오송바이오산단지점,스타벅스오송바이오산단지점,2025-12,1,,,,,,,0,,,스타벅스오송바이오산단지점,no geocoding hit
pending,스타벅스코리아,스타벅스 코리아,스타벅스 코리아,2025-12,1,스타벅스 대전호텔점,"카페,디저트>카페",대전광역시 서구 둔산동 922 토요코인호텔 1층 (),대전광역시 서구 둔산중로134번길 13 토요코인호텔 1층 (둔산동),36.3590591,127.3877262,1,yes,yes,대전 스타벅스코리아,region=대전
rejected,신토불,신토불,신토불,2025-12,1,신토불이즉석수제누룽지,"쇼핑,유통>가공식품",대전광역시 동구 원동 63-59,대전광역시 동구 대전로779번길 40-7,36.3287685,127.4314667,5,yes,no,대전 신토불,"region=대전; category is not food/beverage; nearest of 5 candidates, 32.0km from KNUE; re-picked (was '신토불이추어탕민물장어전문점')"
rejected,심토불이교원대점,심토불이교원대점,심토불이교원대점,2025-12,1,,,,,,,0,,,심토불이교원대점,no geocoding hit
rejected,싱싱프루츠,싱싱프루츠,싱싱프루츠,2025-12,1,싱싱프루츠 증산신도시점,"음식점>카페,디저트",경상남도 양산시 물금읍 가촌리 1285 412동 105호,경상남도 양산시 물금읍 백호로 155 412동 105호,35.3138272,129.0102212,5,no,yes,싱싱프루츠,"outside 청주/세종/공주/대전; nearest of 5 candidates, 207.1km from KNUE; re-picked (was '싱싱프루츠 동문시장점')"
rejected,알뜰전통오메기떡,알뜰전통오메기떡,알뜰전통오메기떡,2025-12,1,알뜰전통오메기떡,"전통식품>떡,한과",제주특별자치도 제주시 일도일동 1104-3 알뜰오메기떡집,제주특별자치도 제주시 중앙로13길 35-1 알뜰오메기떡집,33.5116697,126.5280616,1,no,yes,알뜰전통오메기떡,outside 청주/세종/공주/대전
pending,애여니의행복한쿠키,애여니의행복한쿠키,애여니의행복한쿠키,2025-12,1,애여니의행복한쿠키,"카페,디저트>베이커리",충청북도 청주시 흥덕구 복대동 871-5 애여니의행복한쿠키,충청북도 청주시 흥덕구 충대로14번길 1 애여니의행복한쿠키,36.6340923,127.4533398,1,yes,yes,청주 애여니의행복한쿠키,region=청주
pending,에잇스타,에잇스타,에잇스타,2025-12;2026-02;2026-03;2026-05,4,에잇스타,"음식점>카페,디저트",충청북도 청주시 흥덕구 오송읍 만수리 866 1층,충청북도 청주시 흥덕구 오송읍 만수길 4 1층,36.6227842,127.3262485,1,yes,yes,청주 에잇스타,region=청주
pending,옛날솥뚜껑,옛날 솥뚜껑,옛날 솥뚜껑,2025-12,1,옛날솥뚜껑생삼겹살,"한식>육류,고기요리",충청북도 청주시 흥덕구 강내면 월탄리 37,충청북도 청주시 흥덕구 강내면 태성탑연로 260,36.607344,127.3533448,1,yes,yes,청주 옛날솥뚜껑,region=청주
pending,오봉집오송점,오봉집오송점,오봉집오송점,2025-12,1,오봉집 오송점,음식점>한식,충청북도 청주시 흥덕구 오송읍 봉산리 1160 1층,충청북도 청주시 흥덕구 오송읍 오송생명12로 46 1층,36.6215094,127.3191009,1,yes,yes,청주 오봉집오송점,region=청주
pending,오사이초밥,오사이초밥,오사이초밥,2025-12,1,오마카세 오사이초밥 청주오송점,"음식점>일식>초밥,롤",충청북도 청주시 흥덕구 오송읍 봉산리 1088 101호,충청북도 청주시 흥덕구 오송읍 봉산2길 24-12 101호,36.6195916,127.3185106,1,yes,yes,청주 오사이초밥,region=청주
rejected,오설록북촌,오설록 북촌,오설록 북촌,2025-12,1,오설록티하우스 현대미술관점,"카페,디저트>차",서울특별시 종로구 소격동 165,서울특별시 종로구 삼청로 30,37.5796353,126.9810339,2,no,yes,오설록북촌,"outside 청주/세종/공주/대전; nearest of 2 candidates, 112.8km from KNUE"
pending,옹기묵방,옹기묵방,옹기묵방,2025-12;2026-05,2,옹기묵방,"한식>육류,고기요리","세종특별자치시 도담동 677 1층 102-2호,103호","세종특별자치시 보듬3로 8-29 1층 102-2호,103호",36.5151503,127.2576736,1,yes,yes,세종 옹기묵방,region=세종
pending,이밥세종,이밥세종,이밥세종,2025-12,1,이밥 세종,음식점>한식,세종특별자치시 나성동 779 에스엠타워 2층 204호,세종특별자치시 정부2청사로 10 에스엠타워 2층 204호,36.482751,127.2618865,1,yes,yes,세종 이밥세종,region=세종
rejected,이비티코엑스점,이비티 코엑스점,이비티 코엑스점,2025-12,1,이비티 스타필드 코엑스점,음식점>이탈리아음식,서울특별시 강남구 삼성동 159 코엑스 B1층 103호,서울특별시 강남구 영동대로 513 코엑스 B1층 103호,37.5113997,127.059155,1,no,yes,이비티코엑스점,outside 청주/세종/공주/대전
pending,이차돌청주지웰점,이차돌 청주지웰점,이차돌 청주지웰점,2025-12,1,이차돌 플러스 청주지웰점,한식>소고기구이,충청북도 청주시 흥덕구 복대동 288-6,충청북도 청주시 흥덕구 대농로 33,36.6422496,127.4260703,1,yes,yes,청주 이차돌청주지웰점,region=청주
rejected,자담치킨&미스터피자,자담치킨&미스터피자,자담치킨&미스터피자,2025-12,1,,,,,,,0,,,자담치킨&미스터피자,no geocoding hit
pending,장가보쌈족발,장가보쌈족발,장가보쌈족발,2025-12;2026-03,2,장가보쌈족발,"한식>족발,보쌈",충청북도 청주시 흥덕구 오송읍 연제리 669,충청북도 청주시 흥덕구 오송읍 오송생명로 169,36.6321676,127.3282134,2,yes,yes,청주 장가보쌈족발,"region=청주; nearest of 2 candidates, 3.6km from KNUE"
pending,저림숙성그릴,저림숙성그릴,저림숙성그릴,2025-12,1,저림숙성그릴,"한식>육류,고기요리",세종특별자치시 도담동 675 새한빌딩 2층,세종특별자치시 보듬3로 8-27 새한빌딩 2층,36.5147541,127.2576430,2,yes,yes,세종 저림숙성그릴,"region=세종; nearest of 2 candidates, 14.0km from KNUE"
rejected,정다운커피,정다운커피,정다운커피,2025-12,1,GS25 서신정다운점,"생활,편의>편의점",전북특별자치도 전주시 완산구 서신동 851-4 1층,전북특별자치도 전주시 완산구 서신천변로 5 1층,35.8257617,127.1142425,5,no,no,정다운커피,"outside 청주/세종/공주/대전; category is not food/beverage; nearest of 5 candidates, 90.0km from KNUE; re-picked (was '정다운커피&amp;호프')"
rejected,정동,정동,정동,2025-12,1,정동,지명>행정지명,충청북도 청주시 흥덕구 강내면 사곡리,,36.5792308,127.3310180,3,yes,no,청주 정동,"region=청주; category is not food/beverage; nearest of 3 candidates, 4.3km from KNUE; re-picked (was '정동돌삼겹살')"
rejected,제원마트,제원마트,제원마트,2025-12,1,제주 제원마트2 ATM,"금융,보험>현금인출기",제주특별자치도 제주시 연동 262-4,제주특별자치도 제주시 신광로 52,33.4874480,126.4896130,3,no,no,제원마트,"outside 청주/세종/공주/대전; category is not food/beverage; nearest of 3 candidates, 356.2km from KNUE; re-picked (was '제원마트')"
rejected,제주공항근처연북로해물탕,제주공항근처연북로해물탕,제주공항근처연북로해물탕,2025-12,1,제주 연북로해물탕 본점,"한식>매운탕,해물탕",제주특별자치도 제주시 오라이동 3100-3 독채건물,제주특별자치도 제주시 연북로 221 독채건물,33.4816304,126.5051075,1,no,yes,제주공항근처연북로해물탕,outside 청주/세종/공주/대전
pending,제주도새기찌개,제주도새기찌개,제주도새기찌개,2025-12,1,제주 도새기 찌개전문가,"한식>찌개,전골",충청북도 청주시 흥덕구 강내면 탑연리 140,충청북도 청주시 흥덕구 강내면 태성탑연로 432,36.6208938,127.3587322,1,yes,yes,청주 제주도새기찌개,region=청주
pending,주문진물회탕구이,주문진물회탕구이,주문진물회탕구이,2025-12;2026-06,2,주문진 물회 탕구이,한식>생선구이,충청북도 청주시 흥덕구 오송읍 만수리 754,충청북도 청주시 흥덕구 오송읍 만수길 20,36.6238898,127.3273156,1,yes,yes,청주 주문진물회탕구이,region=청주
pending,차이797,차이 797,차이 797,2025-12,1,Chai797 Plus 현대충청점,음식점>중식당,충청북도 청주시 흥덕구 복대동 3380 현대백화점 6층,충청북도 청주시 흥덕구 직지대로 308 현대백화점 6층,36.6448284,127.4266025,2,yes,yes,청주 차이797,"region=청주; nearest of 2 candidates, 7.1km from KNUE"
rejected,차이룸강남점,차이룸 강남점,차이룸 강남점,2025-12,1,차이룸 강남점,중식>중식당,서울특별시 강남구 역삼동 826 지하1층,서울특별시 강남구 강남대로 374 지하1층,37.4962533,127.0288473,1,no,yes,차이룸강남점,outside 청주/세종/공주/대전
rejected,참치공방강남지점,참치공방 강남지점,참치공방 강남지점,2025-12,1,참치공방 강남점,한식>생선회,서울특별시 강남구 역삼동 831-27 2층,서울특별시 강남구 강남대로78길 18 2층,37.4950845,127.0308811,2,no,yes,참치공방강남지점,"outside 청주/세종/공주/대전; nearest of 2 candidates, 102.5km from KNUE; re-picked (was '참치공방 선릉점')"
pending,카페공감,카페공감,카페공감,2025-12;2026-01;2026-06,3,공감미래 도서관점,"음식점>카페,디저트",충청북도 청주시 흥덕구 강내면 월탄리,,36.6088258,127.3586562,5,yes,yes,청주 카페공감,"region=청주; nearest of 5 candidates, 0.2km from KNUE; re-picked (was '카페공감')"
rejected,캘리포니아베이커리카페한남대점,캘리포니아베이커리카페 한남대점,캘리포니아베이커리카페 한남대점,2025-12,1,,,,,,,0,,,캘리포니아베이커리카페한남대점,no geocoding hit
pending,코코호도오송점,코코호도오송점,코코호도오송점,2025-12,1,코코호도 오송점,"카페,디저트>호두과자",충청북도 청주시 흥덕구 오송읍 봉산리 1079 101호,충청북도 청주시 흥덕구 오송읍 봉산2길 19-6 101호,36.6204241,127.3173133,1,yes,yes,청주 코코호도오송점,region=청주
pending,탑브릭스,탑브릭스,탑브릭스,2025-12,1,탑브릭스,"음식점>카페,디저트",충청북도 청주시 서원구 사창동 357-18 삼우건설 1층,충청북도 청주시 서원구 창신로22번길 7 삼우건설 1층,36.6328346,127.4649741,3,yes,yes,청주 탑브릭스,"region=청주; nearest of 3 candidates, 9.8km from KNUE"
pending,투썸플레이스,투썸플레이스,투썸플레이스,2025-12;2026-02;2026-05,8,투썸플레이스 가경파크점,"카페,디저트>카페",충청북도 청주시 흥덕구 가경동 2225 투썸플레이스 가경파크점,충청북도 청주시 흥덕구 서현로 90 투썸플레이스 가경파크점,36.6187800,127.4322059,5,yes,yes,청주 투썸플레이스,"region=청주; nearest of 5 candidates, 6.6km from KNUE; re-picked (was '투썸플레이스 청주동남점')"
rejected,판촉사랑,㈜판촉사랑,㈜판촉사랑,2025-12,1,사랑기프트,"쇼핑,유통>판촉,기념품",충청남도 공주시 신관동 638-22 1층 사랑기프트,충청남도 공주시 번영2로 55 1층 사랑기프트,36.4722871,127.1347935,1,yes,no,공주 판촉사랑,region=공주; category is not food/beverage
rejected,평창(강릉)휴게소,평창(강릉)휴게소,평창(강릉)휴게소,2025-12,1,평창휴게소(강릉방향)편의점,"생활,편의>편의점",강원특별자치도 평창군 용평면 이목정리 775,강원특별자치도 평창군 용평면 경강로 2159-58,37.6054200,128.4528550,5,no,no,평창(강릉)휴게소,"outside 청주/세종/공주/대전; category is not food/beverage; nearest of 5 candidates, 147.1km from KNUE; re-picked (was '평창휴게소(인천방향)')"
pending,포트캔커피청주오송점,포트캔커피 청주오송점,포트캔커피 청주오송점,2025-12,1,포트캔커피 청주오송점,"음식점>카페,디저트",충청북도 청주시 흥덕구 오송읍 봉산리 1003 1층 111호,충청북도 청주시 흥덕구 오송읍 오송생명8로 175 1층 111호,36.6190211,127.3180115,1,yes,yes,청주 포트캔커피청주오송점,region=청주
rejected,하나마트,하나마트,하나마트,2025-12,1,하나마트,"쇼핑,유통>슈퍼,마트",충청북도 청주시 흥덕구 오송읍 봉산리 604-14,충청북도 청주시 흥덕구 가로수로 13,36.6042917,127.3075500,5,yes,no,청주 하나마트,"region=청주; category is not food/beverage; nearest of 5 candidates, 4.6km from KNUE"
pending,하이퐁,하이퐁,하이퐁,2025-12,1,생면베트남쌀국수 하이퐁,음식점>베트남음식,"충청북도 청주시 흥덕구 오송읍 봉산리 999 201호,202호","충청북도 청주시 흥덕구 오송읍 오송생명11로 36 201호,202호",36.6182609,127.316958,1,yes,yes,청주 하이퐁,region=청주
rejected,한국마트,한국마트,한국마트,2025-12,1,한국마트 복대점,"쇼핑,유통>슈퍼,마트",충청북도 청주시 흥덕구 복대동 501-1,충청북도 청주시 흥덕구 죽천로 41,36.6386332,127.4276093,5,yes,no,청주 한국마트,"region=청주; category is not food/beverage; nearest of 5 candidates, 6.9km from KNUE; re-picked (was '한국마트')"
rejected,할리스이도점,할리스 이도점,할리스 이도점,2025-12;2026-06,2,할리스 이도점,"카페,디저트>카페",제주특별자치도 제주시 이도이동 1025-9 1층,제주특별자치도 제주시 중앙로 302 1층,33.4938523,126.534166,1,no,yes,할리스이도점,outside 청주/세종/공주/대전
rejected,할멈숨두부,할멈숨두부,할멈숨두부,2025-12,1,할멈숨두부,한식>두부요리,충청북도 충주시 수안보면 온천리 211-1,충청북도 충주시 수안보면 물탕2길 3,36.8463501,127.9895380,2,no,yes,할멈숨두부,"outside 청주/세종/공주/대전; nearest of 2 candidates, 62.0km from KNUE"
pending,해물상회,해물상회,해물상회,2025-12;2026-01,2,부자상회부자수산,한식>생선회,"충청북도 청주시 흥덕구 오송읍 봉산리 1447 1층 102호, 103호","충청북도 청주시 흥덕구 오송읍 봉산1길 16-4 1층 102호, 103호",36.6192673,127.3215539,1,yes,yes,청주 해물상회,region=청주
pending,호호식당,호호식당,호호식당,2025-12,1,호호주점 오송직영점,중식>중식당,충청북도 청주시 흥덕구 오송읍 봉산리 1054 1층,충청북도 청주시 흥덕구 오송읍 봉산2길 27-8 1층,36.6210351,127.3178956,5,yes,yes,청주 호호식당,"region=청주; nearest of 5 candidates, 3.8km from KNUE; re-picked (was '호호주점 강서본점')"
pending,화신쭈꾸미,화신쭈꾸미,화신쭈꾸미,2025-12,1,화신쭈꾸미,한식>주꾸미요리,충청북도 청주시 흥덕구 오송읍 연제리 540-1 116호 화신쭈꾸미,충청북도 청주시 흥덕구 오송읍 연제1길 24-35 116호 화신쭈꾸미,36.6264649,127.3225712,1,yes,yes,청주 화신쭈꾸미,region=청주
rejected,롯데프리미엄공덕점,롯데프리미엄 공덕점,롯데프리미엄 공덕점,2026-01,5,,,,,,,0,,,롯데프리미엄공덕점,no geocoding hit
pending,마루횟집,마루횟집,마루횟집,2026-01;2026-02,5,마루,음식점>일식>일식당,세종특별자치시 나성동 833 상가동 A121호,세종특별자치시 국세청로 45 상가동 A121호,36.4891592,127.2611317,1,yes,yes,세종 마루횟집,region=세종
pending,오후네시(커피나후),오후네시(커피나후),오후네시(커피나후),2026-01;2026-04,4,커피나후,"카페,디저트>카페",세종특별자치시 보람동 747 114호 커피나후 (공영주차장앞),세종특별자치시 호려울로 29 114호 커피나후 (공영주차장앞),36.4777689,127.2900711,1,yes,yes,세종 오후네시(커피나후),region=세종
pending,bhc,bhc,bhc,2026-01,2,BHC치킨 청주비하점,"음식점>치킨,닭강정",충청북도 청주시 흥덕구 비하동 754 1층,충청북도 청주시 흥덕구 비하로42번길 2 1층,36.6308461,127.4247785,5,yes,yes,청주 bhc,"region=청주; nearest of 5 candidates, 6.3km from KNUE; re-picked (was 'BHC치킨 청주율량점')"
pending,강내집,강내집,강내집,2026-01,2,왕천파닭 강내점,"음식점>치킨,닭강정",충청북도 청주시 흥덕구 강내면 탑연리 338-11,충청북도 청주시 흥덕구 강내면 태성탑연로 396-10,36.6175373,127.3561443,5,yes,yes,청주 강내집,"region=청주; nearest of 5 candidates, 0.8km from KNUE; re-picked (was '오복누룽지삼계탕 청주강내점')"
rejected,기프티쇼,기프티쇼,기프티쇼,2026-01,2,쿠샵,소프트웨어개발>애플리케이션개발,서울특별시 강남구 논현동 63-18,서울특별시 강남구 언주로147길 12,37.5199300,127.0332026,2,no,no,기프티쇼,"outside 청주/세종/공주/대전; category is not food/beverage; nearest of 2 candidates, 105.1km from KNUE"
rejected,드림디포,드림디포,드림디포,2026-01,2,드림디포 가경점,"쇼핑,유통>문구,팬시용품",충청북도 청주시 흥덕구 강서동 514 1층,충청북도 청주시 흥덕구 서현동로 15 1층,36.6235299,127.4291514,4,yes,no,청주 드림디포,"region=청주; category is not food/beverage; nearest of 4 candidates, 6.4km from KNUE; re-picked (was '드림디포 산남점')"
pending,레니본테이블,레니본테이블,레니본테이블,2026-01,2,레니본테이블 청주점,"음식점>도시락,컵밥",충청북도 청주시 흥덕구 봉명동 2401 1층,충청북도 청주시 흥덕구 월명로220번길 105-5 1층,36.6545413,127.4598984,1,yes,yes,청주 레니본테이블,region=청주
rejected,마포갈매기본점,마포갈매기 본점,마포갈매기 본점,2026-01,2,원조마포소금구이 본점,한식>돼지고기구이,서울특별시 송파구 방이동 58 1층 원조마포소금구이,서울특별시 송파구 오금로11길 34 1층 원조마포소금구이,37.5152682,127.1109159,5,no,yes,마포갈매기본점,"outside 청주/세종/공주/대전; nearest of 5 candidates, 102.9km from KNUE; re-picked (was '마포갈매기 본점')"
pending,박박사부대찌개,박박사부대찌개,박박사부대찌개,2026-01;2026-02,3,박박사 부대찌개 &amp; 짜글이,"한식>찌개,전골",충청북도 청주시 흥덕구 강내면 탑연리 149-3 1층 박박사부대찌개,충청북도 청주시 흥덕구 강내면 탑연1길 3 1층 박박사부대찌개,36.6216926,127.3602527,1,yes,yes,청주 박박사부대찌개,region=청주
pending,봉서골,봉서골,봉서골,2026-01;2026-06,3,봉서골,"한식>육류,고기요리",세종특별자치시 연서면 봉암리 584-1 봉서골,세종특별자치시 연서면 봉암길 119-9 봉서골,36.5602898,127.2855442,1,yes,yes,세종 봉서골,region=세종
pending,우림칼국수,우림칼국수,우림칼국수,2026-01;2026-06,3,우림칼국수 오송본점,"음식점>한식>칼국수,만두",충청북도 청주시 흥덕구 오송읍 쌍청리 110,충청북도 청주시 흥덕구 오송읍 쌍청2길 5,36.6403295,127.3465033,5,yes,yes,청주 우림칼국수,"region=청주; nearest of 5 candidates, 3.4km from KNUE"
pending,카페540,카페 540,카페 540,2026-01,2,이디야커피 오송레이크점,"카페,디저트>카페","충청북도 청주시 흥덕구 오송읍 연제리 540-1 112호, 113호, 114호","충청북도 청주시 흥덕구 오송읍 연제1길 24-35 112호, 113호, 114호",36.6264649,127.3225712,5,yes,yes,청주 카페540,"region=청주; nearest of 5 candidates, 3.7km from KNUE; re-picked (was '모시떡전문점 모시로')"
pending,티플라운지&원스파운드,티플라운지&원스파운드,티플라운지&원스파운드,2026-01;2026-04;2026-05;2026-06;2026-07,7,티플라운지&amp;원스파운드,"카페,디저트>차",충청북도 청주시 청원구 오창읍 양청리 780-2 1층,충청북도 청주시 청원구 오창읍 양청2길 28 1층,36.7194979,127.4278934,1,yes,yes,청주 티플라운지&원스파운드,region=청주
pending,편편집청주오송점,편편집청주오송점,편편집청주오송점 | 편편집 청주오송점,2026-01,2,편편집 청주오송점,음식점>일식>샤브샤브,"충청북도 청주시 흥덕구 오송읍 연제리 708 1층 104, 105-1, 105-2, 105-3, 106, 107호","충청북도 청주시 흥덕구 오송읍 오송생명3로 65-15 1층 104, 105-1, 105-2, 105-3, 106, 107호",36.6317045,127.3281634,1,yes,yes,청주 편편집청주오송점,region=청주
pending,폴스마마,폴스마마,폴스마마,2026-01;2026-02,3,폴스마마,양식>샌드위치,세종특별자치시 어진동 671 에비뉴힐 B동 2층 2112호,세종특별자치시 갈매로 351 에비뉴힐 B동 2층 2112호,36.4950288,127.2621537,1,yes,yes,세종 폴스마마,region=세종
rejected,해필리,해필리,해필리,2026-01,2,해플리,"쇼핑,유통>유아동복",충청남도 천안시 서북구 불당동 1613 501동 B104호 (현덕육회 선스토랑 사이),충청남도 천안시 서북구 불당21로 40 501동 B104호 (현덕육회 선스토랑 사이),36.8110031,127.1040343,3,no,no,해필리,"outside 청주/세종/공주/대전; category is not food/beverage; nearest of 3 candidates, 31.8km from KNUE; re-picked (was '해필리 핫도그&amp;샐러드&amp;샌드위치카페')"
pending,화로양갈비,화로양갈비,화로양갈비,2026-01,2,화로양갈비 세종도담점,음식점>양갈비,세종특별자치시 도담동 672 1층 106호,세종특별자치시 보듬3로 8-15 1층 106호,36.5138030,127.2580753,2,yes,yes,세종 화로양갈비,"region=세종; nearest of 2 candidates, 14.1km from KNUE; re-picked (was '화로양갈비 세종나성점')"
pending,(오송)본도시락,(오송) 본도시락,(오송) 본도시락,2026-01,1,본도시락 오송점,"음식점>도시락,컵밥",충청북도 청주시 흥덕구 오송읍 연제리 715 113호,충청북도 청주시 흥덕구 오송읍 오송생명로 186 113호,36.6311892,127.3296024,1,yes,yes,청주 (오송)본도시락,region=청주
pending,MANDARIN,MANDARIN,MANDARIN,2026-01,1,만다린,중식>중식당,대전광역시 대덕구 덕암동 11-11,대전광역시 대덕구 덕암북로72번길 20,36.4434267,127.4242315,5,yes,yes,대전 MANDARIN,"region=대전; nearest of 5 candidates, 19.5km from KNUE"
rejected,MILTSSTAGESTOP,MILTS STAGE STOP,MILTS STAGE STOP,2026-01,1,,,,,,,0,,,MILTSSTAGESTOP,no geocoding hit
pending,vips청주커넥트현대점,vips 청주 커넥트현대점,vips 청주 커넥트현대점,2026-01,1,빕스 청주커넥트현대점,음식점>패밀리레스토랑,충청북도 청주시 흥덕구 가경동 1416 4층 빕스,충청북도 청주시 흥덕구 2순환로 1225 4층 빕스,36.6269924,127.4306879,1,yes,yes,청주 vips청주커넥트현대점,region=청주
rejected,가담프룻,가담프룻,가담프룻,2026-01,1,과일바구니 가담프룻,"쇼핑,유통>과일",충청북도 청주시 서원구 모충동 124-13 1층,충청북도 청주시 서원구 구룡산로371번길 88-1 1층,36.6222732,127.4864211,1,yes,no,청주 가담프룻,region=청주; category is not food/beverage
pending,강서추어탕,강서추어탕,강서추어탕,2026-01;2026-05;2026-06,3,추오정남원추어탕 강서점,한식>추어탕,충청북도 청주시 흥덕구 강서동 204-6 1층,충청북도 청주시 흥덕구 가포산로 188 1층,36.6153907,127.4203147,4,yes,yes,청주 강서추어탕,"region=청주; nearest of 4 candidates, 5.5km from KNUE; re-picked (was '강서추어탕')"
rejected,고기원칙(배곧한라점),고기원칙(배곧한라점),고기원칙(배곧한라점),2026-01,1,고기원칙 배곧한라점,"한식>육류,고기요리",경기도 시흥시 배곧동 243 상가3동 1층 118호,경기도 시흥시 배곧1로 27-15 상가3동 1층 118호,37.3644028,126.7147053,1,no,yes,고기원칙(배곧한라점),outside 청주/세종/공주/대전
pending,과천식당,과천식당,과천식당,2026-01,1,과천식당,"한식>사철,영양탕",세종특별자치시 조치원읍 침산리 253-8,세종특별자치시 조치원읍 행복11길 22,36.6052702,127.2924997,1,yes,yes,세종 과천식당,region=세종
pending,교동면옥,교동면옥,교동면옥,2026-01;2026-06,2,교동면옥 청주죽림점,한식>냉면,충청북도 청주시 서원구 남이면 석판리 7-1 교동면옥 청주죽림점,충청북도 청주시 서원구 남이면 대림로 380 교동면옥 청주죽림점,36.6045692,127.4410433,2,yes,yes,청주 교동면옥,"region=청주; nearest of 2 candidates, 7.4km from KNUE; re-picked (was '교동면옥 청주송절점')"
pending,국제육가,국제육가,국제육가,2026-01,1,국제육가,"한식>육류,고기요리",충청북도 청주시 서원구 남이면 석실리 117-5 1층,충청북도 청주시 서원구 남이면 대림서로 102 1층,36.5974464,127.4302946,1,yes,yes,청주 국제육가,region=청주
pending,금빛정찬,금빛정찬,금빛정찬,2026-01,1,금빛정찬,한식>한정식,충청북도 청주시 서원구 남이면 양촌리 33-2 금빛정찬,충청북도 청주시 서원구 남이면 양촌3길 14 금빛정찬,36.590804,127.4704225,1,yes,yes,청주 금빛정찬,region=청주
pending,금성회관청주오송점,금성회관청주오송점,금성회관청주오송점,2026-01,1,금성회관 청주오송점,한식>돼지고기구이,충청북도 청주시 흥덕구 오송읍 봉산리 906 101호,충청북도 청주시 흥덕구 오송읍 오송생명7로 181 101호,36.622833,127.3188247,1,yes,yes,청주 금성회관청주오송점,region=청주
pending,깐치호,깐치호,깐치호,2026-01,1,깐치호깐풍기치킨,"음식점>치킨,닭강정",충청북도 청주시 흥덕구 강내면 월탄리 38-1 깐치호깐풍기치킨,충청북도 청주시 흥덕구 강내면 월탄3길 9 깐치호깐풍기치킨,36.6071466,127.3542489,1,yes,yes,청주 깐치호,region=청주
rejected,나드에프앤비,나드에프앤비,나드에프앤비,2026-01,1,,,,,,,0,,,나드에프앤비,no geocoding hit
rejected,네잎클로버,(주) 네잎클로버,(주) 네잎클로버,2026-01,1,82피플,"쇼핑,유통>문구,팬시용품",충청북도 청주시 흥덕구 복대동 2596 102호,충청북도 청주시 흥덕구 짐대로 21 102호,36.6346939,127.4266734,1,yes,no,청주 네잎클로버,region=청주; category is not food/beverage
pending,다이닝완숙,다이닝완숙,다이닝완숙,2026-01,1,다이닝완숙 청주오송점,음식점>태국음식,충청북도 청주시 흥덕구 오송읍 봉산리 1194 1층,충청북도 청주시 흥덕구 오송읍 봉산2길 49-12 1층,36.6226973,127.3196175,1,yes,yes,청주 다이닝완숙,region=청주
pending,동인커피세종점,동인커피 세종점,동인커피 세종점,2026-01,1,동인커피 세종점,"음식점>카페,디저트","세종특별자치시 어진동 657 B동 108, 109, 110호","세종특별자치시 가름로 232 B동 108, 109, 110호",36.4956004,127.2652818,1,yes,yes,세종 동인커피세종점,region=세종
pending,디라이프스타일키친광화문점,디라이프스타일키친광화문점,디라이프스타일키친광화문점,2026-01,1,디라이프스타일키친 광화문점,음식점>양식,서울특별시 중구 태평로1가 84 서울파이낸스센터 지하1층 101호,서울특별시 중구 세종대로 136 서울파이낸스센터 지하1층 101호,37.5684246,126.9782701,1,yes,yes,디라이프스타일키친광화문점,region=세종
rejected,라온쿡,라온쿡,라온쿡,2026-01,1,라온쿡,음식점>푸드트럭,경기도 화성시 효행구 봉담읍 동화리 11-13,경기도 화성시 효행구 봉담읍 효행로 212 푸드트럭,37.2281435,126.9664249,2,no,yes,라온쿡,"outside 청주/세종/공주/대전; nearest of 2 candidates, 77.0km from KNUE"
pending,로프티커피,로프티커피,로프티커피,2026-01,1,로프티커피,"음식점>카페,디저트",세종특별자치시 어진동 608 A111호,세종특별자치시 도움8로 81 A111호,36.504563,127.270539,1,yes,yes,세종 로프티커피,region=세종
pending,리트리빈,리트리빈,리트리빈,2026-01;2026-03,2,리트리빈 익스피리언스 청주 본점,"카페,디저트>카페",충청북도 청주시 흥덕구 수의동 474,충청북도 청주시 흥덕구 청정로 14,36.6130072,127.3861621,1,yes,yes,청주 리트리빈,region=청주
pending,맛있는영자씨네,맛있는영자씨네,맛있는영자씨네,2026-01,1,맛있는영자씨네,음식점>한식,충청북도 청주시 흥덕구 오송읍 만수리 720,충청북도 청주시 흥덕구 오송읍 만수길 15,36.6236808,127.3268044,1,yes,yes,청주 맛있는영자씨네,region=청주
pending,명장갈비오송점,명장갈비 오송점,명장갈비 오송점,2026-01;2026-02;2026-05,3,명장갈비 오송점,음식점>한식,충청북도 청주시 흥덕구 오송읍 만수리 537,충청북도 청주시 흥덕구 오송읍 오송가락로 259,36.6295246,127.33317,1,yes,yes,청주 명장갈비오송점,region=청주
rejected,모서릿집오송점,모서릿집오송점,모서릿집오송점,2026-01,1,,,,,,,0,,,모서릿집오송점,no geocoding hit
rejected,모아동,모아동,모아동,2026-01,1,모아동회관,"공공,사회기관>마을회관",경상북도 경주시 천북면 모아리 207-1,,35.9232949,129.2529683,1,no,no,모아동,outside 청주/세종/공주/대전; category is not food/beverage
pending,모찌대왕,모찌대왕,모찌대왕,2026-01,1,모찌대왕 가경점,"음식점>카페,디저트","충청북도 청주시 흥덕구 가경동 1683 104,105호","충청북도 청주시 흥덕구 풍년로 16-17 104,105호",36.6159937,127.4418196,4,yes,yes,청주 모찌대왕,"region=청주; nearest of 4 candidates, 7.4km from KNUE; re-picked (was '모찌대왕')"
pending,미소수제돈까스,미소수제돈까스,미소수제돈까스,2026-01,1,미소수제돈까스,음식점>일식>돈가스,충청북도 청주시 흥덕구 강내면 탑연리 305-12 미소수제돈까스,충청북도 청주시 흥덕구 강내면 태성탑연로 441 미소수제돈까스,36.6217346,127.3583408,2,yes,yes,청주 미소수제돈까스,"region=청주; nearest of 2 candidates, 1.2km from KNUE"
pending,밥상차려주는집,밥상차려주는집,밥상차려주는집,2026-01,1,밥상차려주는집,한식>한정식,세종특별자치시 어진동 657 세종비지니스빌딩 a동 215호,세종특별자치시 가름로 232 세종비지니스빌딩 a동 215호,36.4956939,127.2645341,1,yes,yes,세종 밥상차려주는집,region=세종
pending,본죽&비빔밥,본죽&비빔밥,본죽&비빔밥,2026-01,1,본죽&amp;비빔밥 청주오송파라곤점,음식점>죽,충청북도 청주시 흥덕구 오송읍 봉산리 988 1층 105호,충청북도 청주시 흥덕구 오송읍 오송생명7로 146 1층 105호,36.6203920,127.3159595,5,yes,yes,청주 본죽&비빔밥,"region=청주; nearest of 5 candidates, 4.0km from KNUE"
pending,봉산리1197,봉산리1197,봉산리1197,2026-01,1,봉산리1197,"음식점>카페,디저트",충청북도 청주시 흥덕구 오송읍 봉산리 1197 1층 101호 봉산리1197 카페,충청북도 청주시 흥덕구 오송읍 봉산2길 55-9 1층 101호 봉산리1197 카페,36.622622,127.3200074,1,yes,yes,청주 봉산리1197,region=청주
rejected,뵈하오송본점,뵈하 오송본점,뵈하 오송본점,2026-01,1,,,,,,,0,,,뵈하오송본점,no geocoding hit
rejected,브루클린바이브청주지웰시티점,브루클린바이브 청주지웰시티점,브루클린바이브 청주지웰시티점,2026-01,1,,,,,,,0,,,브루클린바이브청주지웰시티점,no geocoding hit
rejected,블랙짬새차이나레스토랑,블랙짬새 차이나레스토랑,블랙짬새 차이나레스토랑,2026-01,1,,,,,,,0,,,블랙짬새차이나레스토랑,no geocoding hit
pending,빨간기린,빨간기린,빨간기린,2026-01;2026-05;2026-06,3,빨간기린,"카페,디저트>베이커리",충청북도 청주시 청원구 주중동 1020 1층,충청북도 청주시 청원구 율량로48번길 11-1 1층,36.6728558,127.4913386,1,yes,yes,청주 빨간기린,region=청주
pending,사리원,사리원,사리원,2026-01,1,사리원,음식점>한식,충청북도 청주시 흥덕구 오송읍 쌍청리 316-5,충청북도 청주시 흥덕구 오송읍 오송가락로 368,36.6362333,127.3413639,2,yes,yes,청주 사리원,"region=청주; nearest of 2 candidates, 3.2km from KNUE"
rejected,삼삼수산,삼삼수산,삼삼수산,2026-01,1,바다가담근맛,"쇼핑,유통>수산물",충청남도 태안군 태안읍 동문리 283,충청남도 태안군 태안읍 시장5길 21,36.7516668,126.2991536,5,no,no,삼삼수산,"outside 청주/세종/공주/대전; category is not food/beverage; nearest of 5 candidates, 95.8km from KNUE; re-picked (was '삼삼수산')"
rejected,샐러바웃,샐러바웃,샐러바웃,2026-01,1,샐러바웃 오송점,"도시락,컵밥>다이어트,샐러드",충청북도 청주시 흥덕구 오송읍 연제리 704 101호 샐러바웃 오송점,충청북도 청주시 흥덕구 오송읍 오송생명로 162 101호 샐러바웃 오송점,36.6320123,127.3271208,1,yes,no,청주 샐러바웃,region=청주; category is not food/beverage
rejected,서산꽃게전문점,서산꽃게전문점,서산꽃게전문점,2026-01,1,서산꽃게장,한식>게요리,충청남도 서산시 석림동 634-4,충청남도 서산시 한마음5로 92,36.7764465,126.4603245,5,no,yes,서산꽃게전문점,"outside 청주/세종/공주/대전; nearest of 5 candidates, 82.2km from KNUE; re-picked (was '천수만꽃게장 직영점')"
pending,송은정보리밥본점,송은정보리밥본점,송은정보리밥본점,2026-01,1,1972 송은정 보리밥 본점,음식점>한식,세종특별자치시 조치원읍 침산리 45-5 1층,세종특별자치시 조치원읍 세종로 2427 1층,36.6039736,127.2892084,1,yes,yes,세종 송은정보리밥본점,region=세종
pending,수이재1928,수이재1928,수이재1928,2026-01;2026-05,2,수이재 1928,한식>소고기구이,충청북도 청주시 흥덕구 강서동 53-2 1층 한옥기와집,충청북도 청주시 흥덕구 강서로71번길 4 1층 한옥기와집,36.6227765,127.4253556,3,yes,yes,청주 수이재1928,"region=청주; nearest of 3 candidates, 6.1km from KNUE"
rejected,스타벅스커피코리아(배곧신도시점),(주)스타벅스커피코리아(배곧신도시점),(주)스타벅스커피코리아(배곧신도시점),2026-01,1,,,,,,,0,,,스타벅스커피코리아(배곧신도시점),no geocoding hit
rejected,시엠프레,시엠프레,시엠프레,2026-01,1,시엠프레 하우스웨딩 청주오송점,"연애,결혼>예식장",충청북도 청주시 흥덕구 오송읍 연제리 540-1 레이크스타 1층,충청북도 청주시 흥덕구 오송읍 연제1길 24-35 레이크스타 1층,36.6264649,127.3225712,1,yes,no,청주 시엠프레,region=청주; category is not food/beverage
pending,신의주찹쌀순대,신의주찹쌀순대,신의주찹쌀순대,2026-01,1,신의주찹쌀순대 공주신관점,"한식>순대,순댓국",충청남도 공주시 신관동 215-1,충청남도 공주시 매산동길 21-10,36.4706315,127.1359057,1,yes,yes,공주 신의주찹쌀순대,region=공주
rejected,아담하다,아담하다,아담하다,2026-01;2026-02;2026-07,4,과일바구니 아담하다 본점,"쇼핑,유통>과일",충청북도 청주시 청원구 사천동 31-20,충청북도 청주시 청원구 사뜸로 109,36.6707614,127.4772364,1,yes,no,청주 아담하다,region=청주; category is not food/beverage
pending,아워해피플레이스,아워해피플레이스,아워해피플레이스,2026-01,1,아워해피플레이스,"음식점>카페,디저트",충청북도 청주시 흥덕구 운천동 1170 1층,충청북도 청주시 흥덕구 직지대로753번길 46 1층,36.64619,127.4760919,1,yes,yes,청주 아워해피플레이스,region=청주
pending,아일,아일,아일,2026-01,1,아일,브런치카페,충청북도 청주시 흥덕구 오송읍 쌍청리 108-41 101호,충청북도 청주시 흥덕구 오송읍 쌍청2길 8 101호,36.6406310,127.3466663,5,yes,yes,청주 아일,"region=청주; nearest of 5 candidates, 3.5km from KNUE"
pending,에이커,에이커,에이커,2026-01,1,에이커,"카페,디저트>베이커리",충청북도 청주시 서원구 분평동 637-2 1~3층,충청북도 청주시 서원구 용평로113번길 47 1~3층,36.6046282,127.4870323,2,yes,yes,청주 에이커,"region=청주; nearest of 2 candidates, 11.5km from KNUE"
rejected,연이네왕소금구이,연이네왕소금구이,연이네왕소금구이,2026-01,1,연이네왕소금구이,한식>돼지고기구이,강원특별자치도 동해시 쇄운동 111-6,강원특별자치도 동해시 효자남길 29-8,37.4888669,129.1057274,2,no,yes,연이네왕소금구이,"outside 청주/세종/공주/대전; nearest of 2 candidates, 183.2km from KNUE"
rejected,오송마루횟집,오송마루횟집,오송마루횟집,2026-01,1,,,,,,,0,,,오송마루횟집,no geocoding hit
pending,오송본도시락,오송본도시락,오송본도시락,2026-01;2026-05,2,본도시락 오송점,"음식점>도시락,컵밥",충청북도 청주시 흥덕구 오송읍 연제리 715 113호,충청북도 청주시 흥덕구 오송읍 오송생명로 186 113호,36.6311892,127.3296024,1,yes,yes,청주 오송본도시락,region=청주
rejected,오송에이치호텔,오송에이치호텔,오송에이치호텔,2026-01,1,오송 H호텔 세종시티,숙박>호텔,충청북도 청주시 흥덕구 오송읍 연제리 713 4층 오송 H호텔 세종시티,충청북도 청주시 흥덕구 오송읍 오송생명로 178 4층 오송 H호텔 세종시티,36.6313742,127.328838,1,yes,no,청주 오송에이치호텔,region=청주; category is not food/beverage
pending,오송파라곤파리바게뜨,오송파라곤 파리바게뜨,오송파라곤 파리바게뜨,2026-01,1,파리바게뜨 오송파라곤점,"카페,디저트>베이커리","충청북도 청주시 흥덕구 오송읍 봉산리 988 1동 101, 102호","충청북도 청주시 흥덕구 오송읍 오송생명7로 146 1동 101, 102호",36.6204509,127.3160766,1,yes,yes,청주 오송파라곤파리바게뜨,region=청주
pending,옥산춘천닭갈비막국수,옥산춘천닭갈비막국수,옥산춘천닭갈비막국수,2026-01,1,옥산춘천닭갈비막국수,한식>닭갈비,충청북도 청주시 흥덕구 오송읍 봉산리 1434 1층 101호,충청북도 청주시 흥덕구 오송읍 봉산1길 20-2 1층 101호,36.6196796,127.3218087,1,yes,yes,청주 옥산춘천닭갈비막국수,region=청주
rejected,올리부스,올리부스,올리부스,2026-01;2026-02,2,올리부스 이탈리안 레스토랑 어진동 본점,"이탈리아음식>스파게티,파스타전문",세종특별자치시 어진동 657 SBC센터 B동 113호,세종특별자치시 가름로 232 SBC센터 B동 113호,36.4957792,127.2647468,2,yes,no,세종 올리부스,"region=세종; category is not food/beverage; nearest of 2 candidates, 15.3km from KNUE; re-picked (was '올리부스 꼼파뇨 세종보람점')"
pending,와플대학,와플대학,와플대학,2026-01;2026-04,2,와플대학 청주오송캠퍼스,"카페,디저트>와플",충청북도 청주시 흥덕구 오송읍 만수리 516,충청북도 청주시 흥덕구 오송읍 오송생명5로 183-3,36.6304225,127.3301802,5,yes,yes,청주 와플대학,"region=청주; nearest of 5 candidates, 3.4km from KNUE; re-picked (was '와플대학 청주산남캠퍼스')"
rejected,원조대감집,원조대감집,원조대감집,2026-01,1,,,,,,,0,,,원조대감집,no geocoding hit
rejected,이디야마포점,이디야 마포점,이디야 마포점,2026-01,1,이디야 마포점,"카페,디저트>카페",서울특별시 마포구 도화동 250-1 이디야,서울특별시 마포구 도화길 10 이디야,37.5398421,126.9474419,1,no,yes,이디야마포점,outside 청주/세종/공주/대전
pending,입안에바다,입안에 바다,입안에 바다,2026-01,1,입안에 바다,한식>생선회,충청북도 청주시 흥덕구 오송읍 연제리 797,충청북도 청주시 흥덕구 오송읍 연제길 15,36.6251303,127.325133,1,yes,yes,청주 입안에바다,region=청주
rejected,장금이손두부,장금이손두부,장금이손두부,2026-01,1,장금이손두부,한식>두부요리,충청북도 증평군 증평읍 초중리 581-3,충청북도 증평군 증평읍 초중9길 27,36.7797776,127.5732763,1,no,yes,장금이손두부,outside 청주/세종/공주/대전
pending,전주집,전주집,전주집,2026-01,1,24시전주명가콩나물국밥 청주점,한식>국밥,충청북도 청주시 흥덕구 강서동 84,충청북도 청주시 흥덕구 강서로 85,36.6237201,127.4259642,5,yes,yes,청주 전주집,"region=청주; nearest of 5 candidates, 6.2km from KNUE; re-picked (was '24시전주명가콩나물국밥 율량점')"
rejected,주원부대찌개와정통춘천닭갈비,주원부대찌개와 정통춘천닭갈비,주원부대찌개와 정통춘천닭갈비,2026-01,1,,,,,,,0,,,주원부대찌개와정통춘천닭갈비,no geocoding hit
rejected,청현씨엔씨,청현씨엔씨,청현씨엔씨,2026-01,1,,,,,,,0,,,청현씨엔씨,no geocoding hit
pending,커밀커피,커밀커피,커밀커피,2026-01,1,커밀커피,"카페,디저트>카페",충청북도 청주시 흥덕구 강내면 탑연리 275-58 1층,충청북도 청주시 흥덕구 강내면 태성탑연로 454-1 1층,36.6228662,127.358776,1,yes,yes,청주 커밀커피,region=청주
rejected,코메스퀘어오송점,(주) 코메스퀘어오송점,(주) 코메스퀘어오송점,2026-01,1,,,,,,,0,,,코메스퀘어오송점,no geocoding hit
pending,토속순대국밥,토속순대국밥,토속순대국밥,2026-01,1,토속순대국밥,한식>국밥,"충청북도 청주시 흥덕구 오송읍 봉산리 1347 1,2층","충청북도 청주시 흥덕구 오송읍 오송생명13로 3 1,2층",36.6205923,127.3233353,1,yes,yes,청주 토속순대국밥,region=청주
pending,투썸플레이스대전유성온천점,투썸플레이스 대전유성온천점,투썸플레이스 대전유성온천점,2026-01,1,투썸플레이스 대전유성온천점,"카페,디저트>카페",대전광역시 유성구 봉명동 545-2 1층,대전광역시 유성구 온천로 84 1층,36.3544889,127.3470483,1,yes,yes,대전 투썸플레이스대전유성온천점,region=대전
rejected,팔당장어배곧본점,팔당장어배곧본점,팔당장어배곧본점,2026-01,1,팔당장어 배곧본점,"한식>장어,먹장어요리","경기도 시흥시 배곧동 221 상가A동 135호,136호","경기도 시흥시 서울대학로264번길 12 상가A동 135호,136호",37.3679115,126.7239816,1,no,yes,팔당장어배곧본점,outside 청주/세종/공주/대전
pending,평화로운집,평화로운집,평화로운집,2026-01,1,평화로운집 강서본점,술집>요리주점,"충청북도 청주시 흥덕구 강서동 499 109호, 110호","충청북도 청주시 흥덕구 서현동로 23 109호, 110호",36.6239535,127.4291675,5,yes,yes,청주 평화로운집,"region=청주; nearest of 5 candidates, 6.4km from KNUE; re-picked (was '평화로운집 율량점')"
pending,하하빵집,하하빵집,하하빵집,2026-01,1,하하빵집,"카페,디저트>베이커리",충청북도 청주시 흥덕구 강내면 월곡리 228-3 1동 101호,충청북도 청주시 흥덕구 강내면 탑연월곡길 75-3 1동 101호,36.6234749,127.3637586,1,yes,yes,청주 하하빵집,region=청주
rejected,학생회관식당,학생회관 식당,학생회관 식당,2026-01,1,국립공주대학교 신관캠퍼스학생복지관,대학교>부속건물,충청남도 공주시 신관동 182,충청남도 공주시 공주대학로 56,36.470176,127.1402224,1,yes,no,공주 학생회관식당,region=공주; category is not food/beverage
pending,한라산,한라산,한라산,2026-01,1,한라산,한식>돼지고기구이,충청북도 청주시 흥덕구 강서동 81-1 2층,충청북도 청주시 흥덕구 강서로 83-1 2층,36.6235460,127.4258830,2,yes,yes,청주 한라산,"region=청주; nearest of 2 candidates, 6.1km from KNUE"
pending,한양고깃집청주강서점,한양고깃집청주강서점,한양고깃집청주강서점,2026-01,1,한양고깃집 청주강서점,"한식>육류,고기요리",충청북도 청주시 흥덕구 가경동 627 1층 104호,충청북도 청주시 흥덕구 서현남로 28 1층 104호,36.6148307,127.4251171,1,yes,yes,청주 한양고깃집청주강서점,region=청주
rejected,한양설농탕,한양설농탕,한양설농탕,2026-01,1,한양설농탕,"한식>곰탕,설렁탕",서울특별시 마포구 도화동 335-2,서울특별시 마포구 도화길 20-4,37.5401859,126.9482826,1,no,yes,한양설농탕,outside 청주/세종/공주/대전
rejected,행포케,행포케,행포케,2026-01;2026-03,4,행포케 오송점,"도시락,컵밥>다이어트,샐러드",충청북도 청주시 흥덕구 오송읍 연제리 715 1층 112호,충청북도 청주시 흥덕구 오송읍 오송생명로 186 1층 112호,36.6311463,127.3296356,5,yes,no,청주 행포케,"region=청주; category is not food/beverage; nearest of 5 candidates, 3.4km from KNUE; re-picked (was '행포케 강서점')"
pending,허슬,허슬,허슬,2026-01,1,허슬커피,"음식점>카페,디저트",충청북도 청주시 흥덕구 강내면 탑연리 178-8 102호,충청북도 청주시 흥덕구 강내면 탑연1길 7-12 102호,36.6223898,127.3592697,1,yes,yes,청주 허슬,region=청주
rejected,홈플러스청주점,홈플러스(주)청주점,홈플러스(주)청주점,2026-01,1,MH스킨&amp;바디,"미용>피부,체형관리",충청북도 청주시 흥덕구 가경동 1683 201호,충청북도 청주시 흥덕구 풍년로 16-17 201호,36.6160316,127.4417144,5,yes,no,청주 홈플러스청주점,"region=청주; category is not food/beverage; nearest of 5 candidates, 7.4km from KNUE; re-picked (was '홈플러스 청주점')"
pending,스타벅스청주오송점,스타벅스 청주오송점,스타벅스 청주오송점,2026-02;2026-05,4,스타벅스 청주오송점,"카페,디저트>카페",충청북도 청주시 흥덕구 오송읍 만수리 535,충청북도 청주시 흥덕구 오송읍 오송생명로 222,36.6298699,127.3332929,1,yes,yes,청주 스타벅스청주오송점,region=청주
rejected,애플주,애플주,애플주,2026-02;2026-04;2026-05;2026-06,8,애플주,"쇼핑,유통>과일",충청북도 청주시 흥덕구 오송읍 봉산리 1523 오송파라곤3차 단지내상가 4동107호,충청북도 청주시 흥덕구 오송읍 오송생명7로 118 오송파라곤3차 단지내상가 4동107호,36.6187698,127.3129664,1,yes,no,청주 애플주,region=청주; category is not food/beverage
pending,홍장군,홍장군,홍장군,2026-02,2,홍장군김치삼겹살본점,한식>돼지고기구이,충청북도 청주시 흥덕구 강내면 월탄리 38-1 홍장군김치삼겹살,충청북도 청주시 흥덕구 강내면 월탄3길 9 홍장군김치삼겹살,36.6071852,127.3542992,1,yes,yes,청주 홍장군,region=청주
pending,달보드레&잡솨보리,달보드레&잡솨보리,달보드레&잡솨보리,2026-02,1,달보드레&amp;잡솨보리,"쇼핑,유통>전통식품",충청북도 청주시 흥덕구 강내면 월곡리 234-21 1층,충청북도 청주시 흥덕구 강내면 탑연월곡길 31-10 1층,36.6215229,127.3622796,1,yes,yes,청주 달보드레&잡솨보리,region=청주
pending,대가,대가,대가,2026-02;2026-06;2026-07,3,충청한우대가,"육류,고기요리>정육식당",충청북도 청주시 흥덕구 강내면 월곡리 364-1 1층,충청북도 청주시 흥덕구 강내면 탑연월곡길 48 1층,36.6205042,127.3639580,5,yes,yes,청주 대가,"region=청주; nearest of 5 candidates, 1.2km from KNUE; re-picked (was '토정대가')"
pending,더덕솥뚜껑삼겹살오송점,더덕솥뚜껑삼겹살 오송점,더덕솥뚜껑삼겹살 오송점,2026-02;2026-03;2026-04,3,더덕솥뚜껑삼겹살 오송점,한식>돼지고기구이,충청북도 청주시 흥덕구 오송읍 만수리 685,충청북도 청주시 흥덕구 오송읍 만수길 13-9,36.6242037,127.3261292,1,yes,yes,청주 더덕솥뚜껑삼겹살오송점,region=청주
rejected,동원샘물(오창사업소),동원샘물(오창사업소),동원샘물(오창사업소),2026-02,1,,,,,,,0,,,동원샘물(오창사업소),no geocoding hit
pending,마네키네코,마네키네코,마네키네코,2026-02,1,스바라시라멘 시청점,음식점>일식>일본식라면,대전광역시 서구 둔산동 1427,대전광역시 서구 둔산남로 97,36.3494227,127.3883095,1,yes,yes,대전 마네키네코,region=대전
pending,명성횟집,명성횟집,명성횟집,2026-02,1,명성횟집 생대구탕 생아구탕,한식>생선회,"세종특별자치시 소담동 524 114호, 115호","세종특별자치시 한누리대로 1958 114호, 115호",36.4897901,127.302144,1,yes,yes,세종 명성횟집,region=세종
rejected,쁠랑드봉봉,쁠랑드봉봉,쁠랑드봉봉,2026-02,1,쁠랑드봉봉,"카페,디저트>베이커리",전북특별자치도 전주시 완산구 효자동2가 1211-1 쁠랑드봉봉,전북특별자치도 전주시 완산구 소태정3길 9 쁠랑드봉봉,35.8035094,127.1001665,1,no,yes,쁠랑드봉봉,outside 청주/세종/공주/대전
pending,삼미원,삼미원,삼미원,2026-02,1,삼미원,"쇼핑,유통>소고기",충청북도 청주시 흥덕구 봉명동 1882,충청북도 청주시 흥덕구 백봉로 178,36.6492253,127.4553102,2,yes,yes,청주 삼미원,"region=청주; nearest of 2 candidates, 9.6km from KNUE"
rejected,삼촌네마트,삼촌네마트,삼촌네마트,2026-02,1,삼촌네마트,"쇼핑,유통>슈퍼,마트",전북특별자치도 전주시 덕진구 반월동 244-11,전북특별자치도 전주시 덕진구 반월3길 7,35.8733954,127.0722024,5,no,no,삼촌네마트,"outside 청주/세종/공주/대전; category is not food/beverage; nearest of 5 candidates, 86.0km from KNUE; re-picked (was '삼촌네슈퍼마켓 간석점')"
pending,삼학도수산,삼학도수산,삼학도수산,2026-02,1,삼학도회수산,한식>생선회,충청북도 청주시 흥덕구 비하동 764,충청북도 청주시 흥덕구 비하로 30,36.6297969,127.4252580,4,yes,yes,청주 삼학도수산,"region=청주; nearest of 4 candidates, 6.3km from KNUE; re-picked (was '삼학도수산')"
pending,샌드위크,샌드위크,샌드위크,2026-02;2026-04,3,샌드위크,양식>샌드위치,충청북도 청주시 서원구 사창동 138-4 1층,충청북도 청주시 서원구 사직대로89번길 26-1 1층,36.6361,127.4576169,1,yes,yes,청주 샌드위크,region=청주
pending,서해,서해,서해,2026-02,1,서해횟집,한식>생선회,충청북도 청주시 흥덕구 복대동 1936,충청북도 청주시 흥덕구 복대로 120,36.6272821,127.4413170,4,yes,yes,청주 서해,"region=청주; nearest of 4 candidates, 7.6km from KNUE"
pending,스시명월,스시명월,스시명월,2026-02,1,스시명월,"음식점>일식>초밥,롤",충청북도 청주시 서원구 산남동 892 1층 스시명월,충청북도 청주시 서원구 두꺼비로20번길 41 1층 스시명월,36.610379,127.4674853,1,yes,yes,청주 스시명월,region=청주
pending,오송떡마마,오송떡마마,오송떡마마,2026-02,1,떡마마 청주오송점,"전통식품>떡,한과",충청북도 청주시 흥덕구 오송읍 연제리 718 1층 101호,충청북도 청주시 흥덕구 오송읍 오송생명5로 184-4 1층 101호,36.6305627,127.3297356,1,yes,yes,청주 오송떡마마,region=청주
pending,제주도새기찌개전문가,제주도새기 찌개 전문가,제주도새기 찌개 전문가,2026-02,1,제주 도새기 찌개전문가,"한식>찌개,전골",충청북도 청주시 흥덕구 강내면 탑연리 140,충청북도 청주시 흥덕구 강내면 태성탑연로 432,36.6208938,127.3587322,1,yes,yes,청주 제주도새기찌개전문가,region=청주
pending,청결떡방앗간,청결떡방앗간,청결떡방앗간,2026-02,1,청결떡방앗간,"전통식품>떡,한과",충청북도 청주시 흥덕구 복대동 203-34 청결떡방앗간,충청북도 청주시 흥덕구 복대로209번길 26 청결떡방앗간,36.635373,127.439115,1,yes,yes,청주 청결떡방앗간,region=청주
pending,충청한우,충청한우,충청한우,2026-02,1,충청한우대가,"육류,고기요리>정육식당",충청북도 청주시 흥덕구 강내면 월곡리 364-1 1층,충청북도 청주시 흥덕구 강내면 탑연월곡길 48 1층,36.6205042,127.3639580,5,yes,yes,청주 충청한우,"region=청주; nearest of 5 candidates, 1.2km from KNUE"
pending,강남대구탕,강남대구탕,강남대구탕,2026-03,4,강남대구탕,"한식>매운탕,해물탕",충청북도 청주시 흥덕구 비하동 714,충청북도 청주시 흥덕구 비하로 64,36.6326374,127.4248953,1,yes,yes,청주 강남대구탕,region=청주
rejected,경주전복해물뚝배기,경주전복해물뚝배기,경주전복해물뚝배기,2026-03,2,경주전복해물뚝배기,한식>전복요리,경상북도 경주시 신평동 391-3 보문레이크타운 1층,경상북도 경주시 보문로 402-31 보문레이크타운 1층,35.8456106,129.2814536,1,no,yes,경주전복해물뚝배기,outside 청주/세종/공주/대전
pending,오늘의커피,오늘의커피,오늘의커피,2026-03,2,오늘의커피,"카페,디저트>카페",충청북도 청주시 흥덕구 강내면 태성리 164-11 1층,충청북도 청주시 흥덕구 강내면 서부로 346 1층,36.5865589,127.3568316,1,yes,yes,청주 오늘의커피,region=청주
rejected,우마왕,우마왕,우마왕,2026-03,2,우마왕,중식>양꼬치,충청남도 천안시 동남구 신부동 465-10 1층 우마왕,충청남도 천안시 동남구 먹거리8길 35 1층 우마왕,36.8172902,127.1568736,5,no,yes,우마왕,"outside 청주/세종/공주/대전; nearest of 5 candidates, 29.2km from KNUE; re-picked (was '우마왕 우육면관')"
pending,유미네횟집,유미네 횟집,유미네 횟집 | 유미네횟집,2026-03;2026-06,3,유미네횟집,한식>생선회,충청북도 청주시 흥덕구 오송읍 연제리 824 이오타운1층,충청북도 청주시 흥덕구 오송읍 연제길 3-21 이오타운1층,36.6245946,127.3255931,1,yes,yes,청주 유미네횟집,region=청주
pending,가마솥추어탕,가마솥추어탕,가마솥추어탕,2026-03,1,가마솥추어탕,한식>추어탕,충청북도 청주시 흥덕구 정봉동 50-1,충청북도 청주시 흥덕구 청주역로 350-6,36.6453730,127.3931780,4,yes,yes,청주 가마솥추어탕,"region=청주; nearest of 4 candidates, 4.9km from KNUE"
rejected,갓솥비바에이(한식),주식회사갓솥비바에이(한식),주식회사갓솥비바에이(한식),2026-03,1,,,,,,,0,,,갓솥비바에이(한식),no geocoding hit
pending,관저명태촌,관저명태촌,관저명태촌,2026-03,1,관저 명태촌 조치원점,음식점>한식,세종특별자치시 조치원읍 남리 430 1층,세종특별자치시 조치원읍 조치원4길 137 1층,36.5953845,127.3000613,1,yes,yes,세종 관저명태촌,region=세종
rejected,교동옥수수,교동옥수수,교동옥수수,2026-03,1,교동옥수수,분식>종합분식,전북특별자치도 전주시 완산구 교동 69-4 1층 103호,전북특별자치도 전주시 완산구 태조로 21 1층 103호,35.8145511,127.1523013,5,no,yes,교동옥수수,"outside 청주/세종/공주/대전; nearest of 5 candidates, 90.5km from KNUE"
rejected,국회후생복지위원회,국회후생복지위원회,국회후생복지위원회,2026-03,1,국회박물관 식당&amp;카페,음식점>한식,서울특별시 영등포구 여의도동 1 국회박물관 B1층,서울특별시 영등포구 의사당대로 1 국회박물관 B1층,37.5318749,126.9191046,3,no,yes,국회후생복지위원회,"outside 청주/세종/공주/대전; nearest of 3 candidates, 109.6km from KNUE; re-picked (was '국회후생복지위원회')"
pending,굴천지초계국수,굴천지초계국수,굴천지초계국수,2026-03,1,굴천지초계국수 산남법원점,한식>굴요리,충청북도 청주시 서원구 산남동 410 1층,충청북도 청주시 서원구 원흥로80번길 23-4 1층,36.6124664,127.4701141,5,yes,yes,청주 굴천지초계국수,"region=청주; nearest of 5 candidates, 9.9km from KNUE"
pending,꽃대패1967,꽃대패1967,꽃대패1967,2026-03,1,꽃대패1967 오송본점,"한식>육류,고기요리",충청북도 청주시 흥덕구 오송읍 봉산리 1339 106호,충청북도 청주시 흥덕구 오송읍 오송생명13로 12 106호,36.6214451,127.3230579,1,yes,yes,청주 꽃대패1967,region=청주
pending,떡마마개신점,떡마마 개신점,떡마마 개신점,2026-03,1,떡마마 청주개신점,"전통식품>떡,한과",충청북도 청주시 서원구 개신동 698 1층 101호,충청북도 청주시 서원구 복대로 13 1층 101호,36.6184248,127.4458144,1,yes,yes,청주 떡마마개신점,region=청주
rejected,마달피가든,마달피가든,마달피가든,2026-03,1,마달피가든,음식점>한식,충청남도 금산군 제원면 용화리 124 마달피가든,충청남도 금산군 제원면 용화로 272 마달피가든,36.0986727,127.5903744,1,no,yes,마달피가든,outside 청주/세종/공주/대전
pending,먹성집,먹성집,먹성집,2026-03,1,먹성집 오송점,음식점>한식,충청북도 청주시 흥덕구 오송읍 봉산리 1263 . 101호,충청북도 청주시 흥덕구 오송읍 봉산2길 50-2 . 101호,36.6217498,127.3202665,2,yes,yes,청주 먹성집,"region=청주; nearest of 2 candidates, 3.6km from KNUE; re-picked (was '먹성집 본점')"
rejected,메이,메이,메이,2026-03,1,메이클로버,미용>미용실,충청북도 청주시 흥덕구 오송읍 봉산리 1168 1층,충청북도 청주시 흥덕구 오송읍 봉산2길 41-14 1층,36.6221409,127.3188357,5,yes,no,청주 메이,"region=청주; category is not food/beverage; nearest of 5 candidates, 3.8km from KNUE"
pending,멜로마카롱스세종남리점,멜로마카롱스세종남리점,멜로마카롱스세종남리점,2026-03,1,멜로마카롱스 세종남리점,"음식점>카페,디저트",세종특별자치시 조치원읍 남리 399 2층,세종특별자치시 조치원읍 산책2길 45 2층,36.5950392,127.3018825,1,yes,yes,세종 멜로마카롱스세종남리점,region=세종
rejected,베리프레소,베리프레소,베리프레소,2026-03,1,청주과일베리프레소,"쇼핑,유통>과일",충청북도 청주시 흥덕구 복대동 3269 101호,충청북도 청주시 흥덕구 대신로73번길 23 101호,36.6394929,127.4340069,1,yes,no,청주 베리프레소,region=청주; category is not food/beverage
pending,브레드마마도담점,브레드마마 도담점,브레드마마 도담점,2026-03;2026-04,2,브레드마마 도담점,"카페,디저트>베이커리",세종특별자치시 도담동 863 1층 브레드마마 도담본점,세종특별자치시 갈매로 562 1층 브레드마마 도담본점,36.513223,127.2668144,1,yes,yes,세종 브레드마마도담점,region=세종
rejected,샌비스트로,샌비스트로,샌비스트로,2026-03,1,,,,,,,0,,,샌비스트로,no geocoding hit
pending,샤브연리지,샤브연리지,샤브연리지,2026-03,1,샤브연리지 오송점,음식점>일식>샤브샤브,"충청북도 청주시 흥덕구 오송읍 봉산리 989 2층 201, 202, 203호","충청북도 청주시 흥덕구 오송읍 오송생명7로 142 2층 201, 202, 203호",36.6201833,127.3158537,1,yes,yes,청주 샤브연리지,region=청주
pending,세종명가쌀빵,세종명가쌀빵,세종명가쌀빵,2026-03,1,세종명가쌀빵,"카페,디저트>베이커리",세종특별자치시 도담동 683 근린생활시설 106호,세종특별자치시 다솜1로 184 근린생활시설 106호,36.5137707,127.2557785,2,yes,yes,세종 세종명가쌀빵,"region=세종; nearest of 2 candidates, 14.2km from KNUE"
pending,수라간,수라간,수라간,2026-03,1,할머니손맛수라간,"음식점>도시락,컵밥",충청북도 청주시 흥덕구 운천동 1232 1층,충청북도 청주시 흥덕구 운천로9번길 17 1층,36.6515603,127.4746388,3,yes,yes,청주 수라간,"region=청주; nearest of 3 candidates, 11.3km from KNUE"
pending,수통골장수오리,수통골장수오리,수통골장수오리,2026-03,1,수통골장수오리,한식>오리요리,대전광역시 유성구 덕명동 174-6,대전광역시 유성구 수통골로 89,36.3461653,127.2941588,2,yes,yes,대전 수통골장수오리,"region=대전; nearest of 2 candidates, 30.0km from KNUE"
pending,신선매운탕,신선매운탕,신선매운탕,2026-03,1,신선매운탕,"한식>매운탕,해물탕",충청북도 청주시 상당구 문의면 미천리 127-3 신선매운탕,충청북도 청주시 상당구 문의면 대청호반로 822 신선매운탕,36.5155953,127.49998,1,yes,yes,청주 신선매운탕,region=청주
rejected,씨유편의점,씨유편의점,씨유편의점,2026-03,1,CU 청주복대지웰점,"생활,편의>편의점",충청북도 청주시 흥덕구 복대동 3226,충청북도 청주시 흥덕구 진재로109번길 55,36.6404843,127.4281974,5,yes,no,청주 씨유편의점,"region=청주; category is not food/beverage; nearest of 5 candidates, 7.0km from KNUE; re-picked (was 'CU 청주용암부영점')"
pending,아람옷닭,아람옷닭,아람옷닭,2026-03;2026-04,2,아람옻닭 오송점,"한식>백숙,삼계탕",충청북도 청주시 흥덕구 오송읍 오송리 71-1 1층,충청북도 청주시 흥덕구 오송읍 오송4길 15 1층,36.6126112,127.3276882,2,yes,yes,아람옷닭,"region=청주; nearest of 2 candidates, 2.8km from KNUE"
pending,애슐리,애슐리,애슐리,2026-03,1,델리바이애슐리 NC청주점,음식점>패밀리레스토랑,충청북도 청주시 흥덕구 가경동 1416-3 지하1층 델리BY애슐리 청주NC점,충청북도 청주시 흥덕구 2순환로 1233 지하1층 델리BY애슐리 청주NC점,36.6258892,127.4311445,5,yes,yes,청주 애슐리,"region=청주; nearest of 5 candidates, 6.7km from KNUE; re-picked (was '애슐리퀸즈 NC청주점')"
rejected,여의도내장탕신관,여의도 내장탕신관,여의도 내장탕신관,2026-03,1,,,,,,,0,,,여의도내장탕신관,no geocoding hit
pending,완행열차,완행열차,완행열차,2026-03,1,완행열차,"술집>맥주,호프",충청북도 청주시 흥덕구 강내면 월탄리 90,충청북도 청주시 흥덕구 강내면 태성탑연로 262,36.6077194,127.3530731,1,yes,yes,청주 완행열차,region=청주
rejected,위드쿠잉withcooing,위드쿠잉 with cooing,위드쿠잉 with cooing,2026-03,1,,,,,,,0,,,위드쿠잉withcooing,no geocoding hit
pending,이정우의낭만제육치킨오븐,이정우의 낭만제육치킨오븐,이정우의 낭만제육치킨오븐,2026-03;2026-04;2026-05,4,이정우의 낭만호프 제육 치킨 오븐구이,분식>종합분식,충청북도 청주시 흥덕구 강내면 탑연리 141-15 이정우의 낭만호프 제육 치킨 오븐구이,충청북도 청주시 흥덕구 강내면 탑연월곡길 4 이정우의 낭만호프 제육 치킨 오븐구이,36.6214436,127.3588326,1,yes,yes,청주 이정우의낭만제육치킨오븐,region=청주
pending,청년피자오송강내점,청년피자 오송강내점,청년피자 오송강내점,2026-03,1,청년피자 오송강내점,음식점>양식>피자,충청북도 청주시 흥덕구 오송읍 만수리 829 1층 일부호,충청북도 청주시 흥덕구 오송읍 만수1길 24-13 1층 일부호,36.6235093,127.3295067,1,yes,yes,청주 청년피자오송강내점,region=청주
pending,청주군산활어,㈜청주군산활어,㈜청주군산활어,2026-03,1,군산활어도매시장,한식>생선회,충청북도 청주시 흥덕구 봉명동 2842 군산활어도매시장,충청북도 청주시 흥덕구 덕암로30번길 38 군산활어도매시장,36.6513231,127.4571298,3,yes,yes,청주 청주군산활어,"region=청주; nearest of 3 candidates, 9.8km from KNUE"
rejected,축제,축제,축제,2026-03,1,2026 직지문화축제,"여행,명소>축제,행사",충청북도 청주시 흥덕구 운천동 866 직지문화축제,충청북도 청주시 흥덕구 직지대로 713 직지문화축제,36.6440520,127.4714523,5,yes,no,청주 축제,"region=청주; category is not food/beverage; nearest of 5 candidates, 10.7km from KNUE; re-picked (was '청주관광안내센터 C-SQUARE 철당간 트래블라운지')"
rejected,충돈외,충돈 외,충돈 외,2026-03,1,,,,,,,0,,,충돈외,no geocoding hit; disclosed 소재지: 충북 청주시
pending,카페네모,카페 네모,카페 네모,2026-03,1,네모,"음식점>카페,디저트",충청북도 청주시 흥덕구 오송읍 만수리 719 1층 네모,충청북도 청주시 흥덕구 오송읍 만수길 17 1층 네모,36.6238981,127.3269630,4,yes,yes,청주 카페네모,"region=청주; nearest of 4 candidates, 3.2km from KNUE; re-picked (was '커피네모')"
pending,커피르앙주,커피르앙주,커피르앙주,2026-03,1,커피르앙주,"쇼핑,유통>차,커피","세종특별자치시 보람동 712 5층 506호(, 시드니하트)","세종특별자치시 시청대로 219 5층 506호(보람동, 시드니하트)",36.4840179,127.2938563,1,yes,yes,세종 커피르앙주,region=세종
pending,타볼리타,타볼리타,타볼리타,2026-03,1,타볼라타,음식점>이탈리아음식,대전광역시 유성구 도룡동 4-20 골프존사옥 2층,대전광역시 유성구 엑스포로97번길 40 골프존사옥 2층,36.3761776,127.390844,1,yes,yes,대전 타볼리타,region=대전
pending,태평한우,태평한우,태평한우,2026-03;2026-06,2,태평한우 반석점,"한식>육류,고기요리",대전광역시 유성구 반석동 646-6 2층 태평한우,대전광역시 유성구 반석동로40번길 16 2층 태평한우,36.3910093,127.3129378,5,yes,yes,대전 태평한우,"region=대전; nearest of 5 candidates, 24.8km from KNUE; re-picked (was '태평한우')"
pending,토프레소청주비하점,토프레소 청주비하점,토프레소 청주비하점,2026-03,1,토프레소 청주비하점,"카페,디저트>카페",충청북도 청주시 흥덕구 비하동 178,충청북도 청주시 흥덕구 비하로 27,36.6297173,127.4248093,1,yes,yes,청주 토프레소청주비하점,region=청주
pending,푸드박스오송점,푸드박스 오송점,푸드박스 오송점,2026-03,1,푸드박스 오송점,"음식점>도시락,컵밥",충청북도 청주시 흥덕구 오송읍 만수리 760,충청북도 청주시 흥덕구 오송읍 만수1길 11,36.6236843,127.32799,1,yes,yes,청주 푸드박스오송점,region=청주
rejected,한국교원대,한국교원대,한국교원대,2026-03;2026-06,2,한국교원대학교,"교육,학문>대학교",충청북도 청주시 흥덕구 강내면 월탄리 산14-1 14-1,,36.6109883,127.3588709,5,yes,no,청주 한국교원대,"region=청주; category is not food/beverage; nearest of 5 candidates, 0.0km from KNUE"
pending,항아리왕소금구이,항아리왕소금구이,항아리왕소금구이,2026-03,1,오송 항아리 왕소금구이 본점,"한식>육류,고기요리",충청북도 청주시 흥덕구 오송읍 봉산리 1275 1층,충청북도 청주시 흥덕구 오송읍 봉산2길 54 1층,36.6220264,127.3206276,1,yes,yes,청주 항아리왕소금구이,region=청주
rejected,향촌흑염소국회의사당점,향촌흑염소 국회의사당점,향촌흑염소 국회의사당점,2026-03,1,,,,,,,0,,,향촌흑염소국회의사당점,no geocoding hit
rejected,홍어1번지,홍어1번지,홍어1번지,2026-03,1,홍어1번지,"한식>해물,생선요리",인천광역시 미추홀구 주안동 473-7,인천광역시 미추홀구 미추홀대로669번길 5 주안동,37.4571887,126.6796874,4,no,yes,홍어1번지,"outside 청주/세종/공주/대전; nearest of 4 candidates, 111.7km from KNUE"
rejected,황금국수수숯소갈비살,황금국수수숯소갈비살,황금국수수숯소갈비살,2026-03,1,,,,,,,0,,,황금국수수숯소갈비살,no geocoding hit; disclosed 소재지: 충북 청주시
pending,황금국수숯소갈비살(세종점),황금국수숯소갈비살(세종점),황금국수숯소갈비살(세종점),2026-03,1,황금국수 숯 소갈비살 세종점,"한식>육류,고기요리",세종특별자치시 아름동 1357 상가동 1층 101호,세종특별자치시 달빛로 135 상가동 1층 101호,36.5109509,127.2494014,1,yes,yes,세종 황금국수숯소갈비살(세종점),region=세종
rejected,황토성,황토성,황토성,2026-03,1,황토성참숯가마찜질방,"생활,편의>찜질방",충청남도 공주시 반포면 마암리 620-1,충청남도 공주시 반포면,36.4245354,127.1957240,2,yes,no,공주 황토성,"region=공주; category is not food/beverage; nearest of 2 candidates, 25.3km from KNUE"
pending,훌랄라참숯치킨,훌랄라참숯치킨,훌랄라참숯치킨,2026-03,1,훌랄라참숯치킨 청주교원대점,"음식점>치킨,닭강정",충청북도 청주시 흥덕구 강내면 월탄리 90 상가동 107호,충청북도 청주시 흥덕구 강내면 태성탑연로 262 상가동 107호,36.6076550,127.3531873,5,yes,yes,청주 훌랄라참숯치킨,"region=청주; nearest of 5 candidates, 0.6km from KNUE; re-picked (was '훌랄라참숯치킨 청주봉명점')"
pending,카페에바나나,카페에바나나,카페에바나나,2026-04,3,카페에바나나 오송점,"음식점>카페,디저트",충청북도 청주시 흥덕구 오송읍 봉산리 942 1층,충청북도 청주시 흥덕구 오송읍 봉산3길 26-12 1층,36.6232197,127.3186469,2,yes,yes,청주 카페에바나나,"region=청주; nearest of 2 candidates, 3.8km from KNUE"
pending,파파존스오송조치원점,파파존스 오송조치원점,파파존스 오송조치원점,2026-04;2026-06,4,파파존스 오송조치원점,음식점>피자,충청북도 청주시 흥덕구 오송읍 봉산리 1132 1층 일부호,충청북도 청주시 흥덕구 오송읍 오송생명12로 31 1층 일부호,36.6204549,127.319821,1,yes,yes,청주 파파존스오송조치원점,region=청주
pending,푸른솔떡공방,푸른솔떡공방,푸른솔떡공방,2026-04,2,푸른솔떡공방,제조업>떡류제조,"충청북도 청주시 흥덕구 오송읍 봉산리 1454 101호,푸른솔떡공방","충청북도 청주시 흥덕구 오송읍 오송생명14로 347 101호,푸른솔떡공방",36.6185836,127.3224711,1,yes,yes,청주 푸른솔떡공방,region=청주
rejected,현대백화점,현대백화점,현대백화점,2026-04,2,커넥트현대 청주,"쇼핑,유통>백화점",충청북도 청주시 흥덕구 가경동 1416,충청북도 청주시 흥덕구 2순환로 1225,36.6267286,127.4308329,5,yes,no,청주 현대백화점,"region=청주; category is not food/beverage; nearest of 5 candidates, 6.7km from KNUE; re-picked (was '현대백화점 충청점')"
pending,1972송은정보리밥본점,1972송은정보리밥본점,1972송은정보리밥본점,2026-04,1,1972 송은정 보리밥 본점,음식점>한식,세종특별자치시 조치원읍 침산리 45-5 1층,세종특별자치시 조치원읍 세종로 2427 1층,36.6039736,127.2892084,1,yes,yes,세종 1972송은정보리밥본점,region=세종
rejected,[봉산]이브,[봉산]이브,[봉산]이브,2026-04,1,이브댄스학원,"스포츠,레크레이션교육>댄스스포츠",대구광역시 중구 봉산동 152-13 4층 EVE dance academy,대구광역시 중구 동성로1길 74 4층 EVE dance academy,35.8652260,128.5971072,3,no,no,[봉산]이브,"outside 청주/세종/공주/대전; category is not food/beverage; nearest of 3 candidates, 138.6km from KNUE"
pending,가화한정식,가화한정식,가화한정식,2026-04,1,가화한정식,한식>한정식,충청북도 청주시 청원구 내덕동 647-13 가화한정식,충청북도 청주시 청원구 내덕로 27 가화한정식,36.657024,127.483375,1,yes,yes,청주 가화한정식,region=청주
pending,갈비명가연웅가,갈비명가연웅가,갈비명가연웅가,2026-04,1,갈비명가 연웅가,음식점>한식,충청북도 청주시 서원구 개신동 83-2 1층,충청북도 청주시 서원구 성봉로220번길 154 1층,36.6205183,127.4537599,1,yes,yes,청주 갈비명가연웅가,region=청주
rejected,경포건도리,경포건도리,경포건도리,2026-04,1,건도리횟집,한식>생선회,강원특별자치도 강릉시 강문동 304-3 건도리횟집,강원특별자치도 강릉시 창해로 427 건도리횟집,37.799404,128.913725,1,no,yes,경포건도리,outside 청주/세종/공주/대전
rejected,고마떡&순살치킨,고마떡&순살치킨,고마떡&순살치킨,2026-04,1,,,,,,,0,,,고마떡&순살치킨,no geocoding hit
rejected,고마떡순살치킨,고마떡순살치킨,고마떡순살치킨,2026-04,1,,,,,,,0,,,고마떡순살치킨,no geocoding hit
pending,넉넉피자오송점,넉넉피자오송점,넉넉피자오송점,2026-04,1,넉넉피자 오송점,음식점>피자,충청북도 청주시 흥덕구 오송읍 만수리 828 트윈하우스 102호 넉넉피자,충청북도 청주시 흥덕구 오송읍 만수1길 24-11 (트윈하우스 102호) 넉넉피자,36.6235624,127.3296336,1,yes,yes,청주 넉넉피자오송점,region=청주
rejected,담양봉산떡갈비,담양 봉산떡갈비,담양 봉산떡갈비,2026-04,1,담양 봉산떡갈비,음식점>한식,전남광주통합특별시 담양군 담양읍 객사리 122-2 1층,전남광주통합특별시 담양군 담양읍 죽녹원로 74 1층,35.3213982,126.9854585,4,no,yes,담양봉산떡갈비,"outside 청주/세종/공주/대전; nearest of 4 candidates, 147.3km from KNUE"
rejected,대물참치,대물참치,대물참치,2026-04,1,대물참치,한식>생선회,서울특별시 동작구 사당동 708-438,서울특별시 동작구 동작대로25길 28,37.4859319,126.9806940,3,no,yes,대물참치,"outside 청주/세종/공주/대전; nearest of 3 candidates, 102.9km from KNUE"
rejected,대왕해물손칼국수,대왕해물손칼국수,대왕해물손칼국수,2026-04,1,대왕해물손칼국수 다정점주차장입구,도로시설>방면정보,세종특별자치시 다정동,,36.4965751,127.2377405,2,yes,no,세종 대왕해물손칼국수,"region=세종; category is not food/beverage; nearest of 2 candidates, 16.7km from KNUE; re-picked (was '대왕해물손칼국수 다정점입구')"
pending,더국희,더국희,더국희,2026-04,1,더국희,"카페,디저트>카페",충청북도 청주시 흥덕구 오송읍 봉산리 1235 1층,충청북도 청주시 흥덕구 오송읍 오송생명8로 205 1층,36.6207907,127.3206306,1,yes,yes,청주 더국희,region=청주
rejected,도레도레,도레도레,도레도레,2026-04,1,도레도레 코엑스점,"음식점>카페,디저트",서울특별시 강남구 삼성동 159 지하1층 도레도레,서울특별시 강남구 영동대로 513 지하1층 도레도레,37.5116242,127.0590268,5,no,yes,도레도레,"outside 청주/세종/공주/대전; nearest of 5 candidates, 103.6km from KNUE; re-picked (was '도레도레 서울역점')"
pending,동백과자점,동백과자점,동백과자점,2026-04,1,동백과자점,"카페,디저트>베이커리",충청북도 청주시 상당구 북문로2가 84-3 동백과자점,충청북도 청주시 상당구 상당로115번길 30 동백과자점,36.6385964,127.4884232,1,yes,yes,청주 동백과자점,region=청주
pending,둥지마을왕족발,둥지마을왕족발,둥지마을왕족발,2026-04,1,둥지마을왕족발,"한식>족발,보쌈",충청북도 청주시 흥덕구 복대동 177-7,충청북도 청주시 흥덕구 내수동로 34,36.6326301,127.4509262,1,yes,yes,청주 둥지마을왕족발,region=청주
pending,디저트39교원대점,디저트39 교원대점,디저트39 교원대점,2026-04,1,디저트39 한국교원대점,"카페,디저트>카페",충청북도 청주시 흥덕구 강내면 탑연리 339 디저트39 한국교원대점,충청북도 청주시 흥덕구 강내면 태성탑연로 386 디저트39 한국교원대점,36.6173791,127.3559085,1,yes,yes,청주 디저트39교원대점,region=청주
rejected,또랑,또랑,또랑,2026-04,1,또랑또랑 작은도서관,"교육,학문>도서관",세종특별자치시 아름동 1297,세종특별자치시 달빛1로 201,36.5175044,127.2446758,1,yes,no,세종 또랑,region=세종; category is not food/beverage
rejected,뚝딱김치찌개삼겹살,뚝딱김치찌개삼겹살,뚝딱김치찌개삼겹살,2026-04,1,뚝딱김치찌개삼겹살,음식점>한식,충청북도 충주시 금릉동 726,충청북도 충주시 금제9길 38 금릉동,36.9890919,127.9278546,3,no,yes,뚝딱김치찌개삼겹살,"outside 청주/세종/공주/대전; nearest of 3 candidates, 65.8km from KNUE"
pending,런디스타운,런디스타운,런디스타운,2026-04,1,런디스타운,"음식점>카페,디저트",충청북도 청주시 청원구 우암동 344-15 1층 카페 런디스타운,충청북도 청주시 청원구 직지대로848번길 47 1층 카페 런디스타운,36.6473429,127.4865486,1,yes,yes,청주 런디스타운,region=청주
rejected,로러베이크숍,로러베이크숍,로러베이크숍,2026-04,1,,,,,,,0,,,로러베이크숍,no geocoding hit
pending,메가MGC커피청주역점,메가MGC커피 청주역점,메가MGC커피 청주역점,2026-04,1,메가MGC커피 청주역점,"카페,디저트>카페",충청북도 청주시 흥덕구 정봉동 33-10,충청북도 청주시 흥덕구 직지대로 6-1,36.6461617,127.39388,1,yes,yes,청주 메가MGC커피청주역점,region=청주
rejected,명천마루,명천마루,명천마루,2026-04,1,치킨마루 보령명천점,"음식점>치킨,닭강정",충청남도 보령시 명천동 341-1,충청남도 보령시 주공로 85,36.3401389,126.6076392,5,no,yes,명천마루,"outside 청주/세종/공주/대전; nearest of 5 candidates, 73.6km from KNUE; re-picked (was '명천마루')"
pending,바닐라가든,바닐라가든,바닐라가든,2026-04,1,바닐라가든,"카페,디저트>카페",세종특별자치시 조치원읍 서창리 177-4 1층 102호 바닐라가든,세종특별자치시 조치원읍 내창1길 35 1층 102호 바닐라가든,36.6083165,127.2897205,2,yes,yes,세종 바닐라가든,"region=세종; nearest of 2 candidates, 6.2km from KNUE"
rejected,반포식스용산아이파크몰점,반포식스 용산아이파크몰점,반포식스 용산아이파크몰점,2026-04,1,반포식스 용산아이파크몰점,음식점>베트남음식,서울특별시 용산구 한강로3가 40-999 용산아이파크몰점 4층,서울특별시 용산구 한강대로23길 55 용산아이파크몰점 4층,37.5297717,126.9647415,1,no,yes,반포식스용산아이파크몰점,outside 청주/세종/공주/대전
pending,방원양갈비양꼬치,방원 양갈비 양꼬치,방원 양갈비 양꼬치,2026-04,1,방원 양갈비 양꼬치,중식>중식당,"세종특별자치시 도담동 677 해피라움6 2층 206,207","세종특별자치시 보듬3로 8-29 해피라움6 2층 206,207",36.5151617,127.2579346,1,yes,yes,세종 방원양갈비양꼬치,region=세종
pending,베스킨라빈스청주강내점,베스킨라빈스 청주강내점,베스킨라빈스 청주강내점,2026-04,1,배스킨라빈스 청주강내점,"카페,디저트>아이스크림",충청북도 청주시 흥덕구 강내면 탑연리 275-17 1층,충청북도 청주시 흥덕구 강내면 가로수로 532 1층,36.623503,127.35909,1,yes,yes,청주 베스킨라빈스청주강내점,region=청주
pending,별이빛나고있소,별이빛나고있소,별이빛나고있소,2026-04,1,별이 빛나고 있소,"한식>육류,고기요리",충청북도 청주시 흥덕구 봉명동 2728 1층,충청북도 청주시 흥덕구 덕암로114번길 57 1층,36.6497534,127.4594987,1,yes,yes,청주 별이빛나고있소,region=청주
rejected,북호두청주터미널점,북호두청주터미널점,북호두청주터미널점,2026-04,1,,,,,,,0,,,북호두청주터미널점,no geocoding hit
rejected,삼송빵집(용산아이파크몰),삼송빵집(용산아이파크몰),삼송빵집(용산아이파크몰),2026-04,1,,,,,,,0,,,삼송빵집(용산아이파크몰),no geocoding hit
pending,상당집,상당집,상당집,2026-04,1,상당집,한식>두부요리,충청북도 청주시 상당구 산성동 159,충청북도 청주시 상당구 성내로118번길 1,36.6634571,127.542275,1,yes,yes,청주 상당집,region=청주
pending,샌그리닝,샌그리닝,샌그리닝,2026-04,1,샌그리닝 청주점,양식>샌드위치,충청북도 청주시 서원구 사직동 143-2 1층,충청북도 청주시 서원구 사북로85번길 17 1층,36.6449609,127.4800491,1,yes,yes,청주 샌그리닝,region=청주
pending,서브웨이,서브웨이,서브웨이,2026-04,1,써브웨이 청주오송점,음식점>샌드위치,충청북도 청주시 흥덕구 오송읍 연제리 671 1층 101호,충청북도 청주시 흥덕구 오송읍 오송생명로 165 1층 101호,36.6323873,127.3277001,5,yes,yes,청주 서브웨이,"region=청주; nearest of 5 candidates, 3.7km from KNUE; re-picked (was '써브웨이 청주율량점')"
rejected,센트로서울파스쿠찌,센트로서울 파스쿠찌,센트로서울 파스쿠찌,2026-04,1,파스쿠찌 센트로서울대점,"카페,디저트>카페",서울특별시 관악구 신림동 산56-1 서울대학교 사범대간이식당 111동,서울특별시 관악구 관악로 1 (신림동) 서울대학교 사범대간이식당 111동,37.4592241,126.9551529,3,no,yes,센트로서울파스쿠찌,"outside 청주/세종/공주/대전; nearest of 3 candidates, 100.9km from KNUE; re-picked (was '파스쿠찌 센트로서울점')"
rejected,스테이,스테이,스테이,2026-04,1,오송스테이호텔,숙박>호텔,충청북도 청주시 흥덕구 오송읍 봉산리 1309 지하1-9층,충청북도 청주시 흥덕구 오송읍 봉산2길 76-9 지하1-9층,36.6229810,127.3230480,5,yes,no,청주 스테이,"region=청주; category is not food/beverage; nearest of 5 candidates, 3.5km from KNUE"
pending,시골애오송점,시골애오송점,시골애오송점,2026-04,1,시골애 오송점,한식>낙지요리,충청북도 청주시 흥덕구 오송읍 만수리 563 1층 시골애,충청북도 청주시 흥덕구 오송읍 만수길 37-15 1층 시골애,36.626083,127.327891,1,yes,yes,청주 시골애오송점,region=청주
rejected,신토불익원대점,신토불익원대점,신토불익원대점,2026-04,1,,,,,,,0,,,신토불익원대점,no geocoding hit
pending,써브웨이,써브웨이,써브웨이,2026-04,1,써브웨이 청주오송점,음식점>샌드위치,충청북도 청주시 흥덕구 오송읍 연제리 671 1층 101호,충청북도 청주시 흥덕구 오송읍 오송생명로 165 1층 101호,36.6323873,127.3277001,5,yes,yes,청주 써브웨이,"region=청주; nearest of 5 candidates, 3.7km from KNUE; re-picked (was '써브웨이 청주율량점')"
pending,아침면가,아침면가,아침면가,2026-04,1,아침면가,음식점>한식,대전광역시 유성구 덕명동 501-8 1층 101호,대전광역시 유성구 현충원로 291 1층 101호,36.360801,127.3036553,1,yes,yes,대전 아침면가,region=대전
rejected,연화낙지등,연화낙지 등,연화낙지 등,2026-04,1,,,,,,,0,,,연화낙지등,no geocoding hit
pending,오늘웃소,오늘웃소,오늘웃소,2026-04,1,오늘웃소 세종점,음식점>한식,"세종특별자치시 도담동 674 까사누보 1층 111, 112호","세종특별자치시 보듬3로 8-23 까사누보 1층 111, 112호",36.514375,127.2579308,1,yes,yes,세종 오늘웃소,region=세종
rejected,우리떡갈비,우리떡갈비,우리떡갈비,2026-04,1,우리떡갈비,"한식>육류,고기요리",전북특별자치도 군산시 문화동 885-18,전북특별자치도 군산시 백토로 36,35.9761037,126.7055508,4,no,yes,우리떡갈비,"outside 청주/세종/공주/대전; nearest of 4 candidates, 91.7km from KNUE"
pending,우즈(OOWZZ),우즈(OOWZZ),우즈(OOWZZ),2026-04,1,우즈 OOWZZ,"음식점>카페,디저트",충청북도 청주시 흥덕구 강내면 탑연리 36-4 상가,충청북도 청주시 흥덕구 강내면 다락탑연길 232 상가,36.6130672,127.3613292,1,yes,yes,청주 우즈(OOWZZ),region=청주
pending,운탄,운탄,운탄,2026-04,1,운탄 집현점,"한식>육류,고기요리","세종특별자치시 집현동 1129 주1동 1층 124, 125호","세종특별자치시 집현동로 77 주1동 1층 124, 125호",36.4907649,127.3253632,2,yes,yes,세종 운탄,"region=세종; nearest of 2 candidates, 13.7km from KNUE"
rejected,원조황금밥상한식뷔페,원조황금밥상한식뷔페,원조황금밥상한식뷔페,2026-04,1,원조황금밥상한식뷔페,음식점>한식,충청북도 진천군 광혜원면 회죽리 53-2,충청북도 진천군 광혜원면 진광로 1327,36.9746457,127.4382443,1,no,yes,원조황금밥상한식뷔페,outside 청주/세종/공주/대전
pending,유람,유람,유람,2026-04,1,유람 커피로스터스 세종점,"음식점>카페,디저트",세종특별자치시 조치원읍 신안리 389-1 유람 커피로스터스 세종점,세종특별자치시 조치원읍 신안새동네길 25 유람 커피로스터스 세종점,36.6141897,127.2910276,1,yes,yes,세종 유람,region=세종
pending,유씨네본가누룽지삼계탕,유씨네본가누룽지삼계탕,유씨네본가누룽지삼계탕,2026-04;2026-06,2,유씨네본가누룽지삼계탕 서청주점,"한식>백숙,삼계탕",충청북도 청주시 흥덕구 지동동 513 1층,충청북도 청주시 흥덕구 직지대로 95 1층,36.6468069,127.4031832,1,yes,yes,청주 유씨네본가누룽지삼계탕,region=청주
rejected,이랜드파크,㈜이랜드파크,㈜이랜드파크,2026-04,1,이랜드파크,숙박>호텔,서울특별시 금천구 가산동 371-17 BYC 하이시티 B동 1604호,서울특별시 금천구 가산디지털1로 131 BYC 하이시티 B동 1604호,37.4766804,126.8822271,5,no,no,이랜드파크,"outside 청주/세종/공주/대전; category is not food/beverage; nearest of 5 candidates, 105.1km from KNUE"
pending,일등석갈비,일등석갈비,일등석갈비,2026-04,1,일등석갈비,"한식>육류,고기요리",대전광역시 서구 만년동 358,대전광역시 서구 둔산대로117번길 17,36.365774,127.3820163,1,yes,yes,대전 일등석갈비,region=대전
rejected,정관장오송점,정관장 오송점,정관장 오송점,2026-04,1,정관장 오송점,"쇼핑,유통>건강기능보조식품",충청북도 청주시 흥덕구 오송읍 만수리 519 오송랜드 102호,충청북도 청주시 흥덕구 오송읍 오송생명로 194 오송랜드 102호,36.6308944,127.3306006,1,yes,no,청주 정관장오송점,region=청주; category is not food/beverage
pending,조가네갑오징어,조가네갑오징어,조가네갑오징어,2026-04;2026-05,2,조가네갑오징어 세종점,"해물,생선요리>오징어요리",세종특별자치시 아름동 1329 205호,세종특별자치시 아름서1길 13-9 205호,36.5116758,127.2426038,1,yes,yes,세종 조가네갑오징어,region=세종
pending,조가네갑오징어(세종점),조가네갑오징어(세종점),조가네갑오징어(세종점),2026-04,1,조가네갑오징어 세종점,"해물,생선요리>오징어요리",세종특별자치시 아름동 1329 205호,세종특별자치시 아름서1길 13-9 205호,36.5116758,127.2426038,1,yes,yes,세종 조가네갑오징어(세종점),region=세종
rejected,천마루,천마루,천마루,2026-04,1,천마루감자탕 평택본점,한식>감자탕,경기도 평택시 이충동 665-3 2층,경기도 평택시 이충로35번길 28 2층,37.0592187,127.0659510,5,no,yes,천마루,"outside 청주/세종/공주/대전; nearest of 5 candidates, 56.2km from KNUE; re-picked (was '천마루')"
pending,청주점삿뽀로,청주점 삿뽀로,청주점 삿뽀로,2026-04,1,삿뽀로 청주점,음식점>일식>일식당,충청북도 청주시 흥덕구 강서동 495,충청북도 청주시 흥덕구 2순환로 1250,36.624557,127.430783,1,yes,yes,청주 청주점삿뽀로,region=청주
rejected,춘양고을남원추어탕(강내),춘양고을남원추어탕(강내),춘양고을남원추어탕(강내),2026-04,1,,,,,,,0,,,춘양고을남원추어탕(강내),no geocoding hit
rejected,충돈등,충돈 등,충돈 등,2026-04,1,,,,,,,0,,,충돈등,no geocoding hit
pending,컵오브커피오송연제리점,컵오브커피오송연제리점,컵오브커피오송연제리점,2026-04,1,컵오브커피 오송연제리점,"카페,디저트>카페",충청북도 청주시 흥덕구 오송읍 연제리 789,충청북도 청주시 흥덕구 오송읍 연제길 3,36.6258583,127.3259332,1,yes,yes,청주 컵오브커피오송연제리점,region=청주
rejected,케이티알파,㈜케이티알파,㈜케이티알파,2026-04,1,케이티알파,"쇼핑,유통>종합도소매",서울특별시 동작구 신대방동 395-62,서울특별시 동작구 보라매로5길 23,37.4926675,126.9234673,2,no,no,케이티알파,"outside 청주/세종/공주/대전; category is not food/beverage; nearest of 2 candidates, 105.4km from KNUE"
pending,코코호도,코코호도,코코호도,2026-04,1,코코호도 오송점,"카페,디저트>호두과자",충청북도 청주시 흥덕구 오송읍 봉산리 1079 101호,충청북도 청주시 흥덕구 오송읍 봉산2길 19-6 101호,36.6204241,127.3173133,2,yes,yes,청주 코코호도,"region=청주; nearest of 2 candidates, 3.9km from KNUE; re-picked (was '코코호도 산남점')"
pending,쿤밍,쿤밍,쿤밍,2026-04,1,쿤밍,중식>중식당,충청북도 청주시 흥덕구 오송읍 연제리 540-1 B3호,충청북도 청주시 흥덕구 오송읍 연제1길 24-35 B3호,36.6264649,127.3225712,1,yes,yes,청주 쿤밍,region=청주
rejected,큰집나주곰탕,큰집나주곰탕,큰집나주곰탕,2026-04,1,큰집추어탕나주곰탕,음식점>한식,경기도 성남시 분당구 야탑동 355-1,경기도 성남시 분당구 야탑로75번길 15,37.4112020,127.1269326,5,no,yes,큰집나주곰탕,"outside 청주/세종/공주/대전; nearest of 5 candidates, 91.3km from KNUE"
rejected,함인당식당(한울F&S),함인당식당(한울F&S),함인당식당(한울F&S),2026-04,1,,,,,,,0,,,함인당식당(한울F&S),no geocoding hit
rejected,단아한프룻,단아한프룻,단아한프룻,2026-05,2,단아한프룻,"쇼핑,유통>과일",충청북도 청주시 상당구 용암동 1180 1층 단아한프룻,충청북도 청주시 상당구 용암로 104 1층 단아한프룻,36.6163525,127.5039435,1,yes,no,청주 단아한프룻,region=청주; category is not food/beverage
pending,수이재,수이재,수이재,2026-05,2,수이재 1928,한식>소고기구이,충청북도 청주시 흥덕구 강서동 53-2 1층 한옥기와집,충청북도 청주시 흥덕구 강서로71번길 4 1층 한옥기와집,36.6227765,127.4253556,3,yes,yes,청주 수이재,"region=청주; nearest of 3 candidates, 6.1km from KNUE"
pending,시즌카페,시즌 카페,시즌 카페,2026-05,2,시즌카페,"음식점>카페,디저트",충청북도 청주시 흥덕구 강내면 월탄리 49-9 1층,충청북도 청주시 흥덕구 강내면 월탄3길 26-4 1층,36.6082394,127.3557919,5,yes,yes,청주 시즌카페,"region=청주; nearest of 5 candidates, 0.4km from KNUE"
pending,유로코피자강내오송점,유로코피자강내오송점,유로코피자강내오송점,2026-05,2,유로코피자 강내오송점,양식>피자,충청북도 청주시 흥덕구 강내면 월곡리 276-5 1층 101호 유로코피자&프릭스버거,충청북도 청주시 흥덕구 강내면 월곡길 21 1층 101호 유로코피자&프릭스버거,36.6223034,127.3691566,1,yes,yes,청주 유로코피자강내오송점,region=청주
pending,이디야,이디야,이디야,2026-05,2,이디야커피 충북오송점,"카페,디저트>카페",충청북도 청주시 흥덕구 오송읍 만수리 516 1층 이디야커피,충청북도 청주시 흥덕구 오송읍 오송생명5로 183-3 1층 이디야커피,36.6302744,127.3302543,5,yes,yes,청주 이디야,"region=청주; nearest of 5 candidates, 3.3km from KNUE; re-picked (was '이디야커피 오창2산업단지점')"
pending,청주국제공항플레이보6,청주국제공항플레이보6,청주국제공항플레이보6,2026-05,2,플레이보6 청주국제공항점,음식점>푸드코트,충청북도 청주시 청원구 내수읍 입상리 79-9 청주국제공항 2층,"충청북도 청주시 청원구 내수읍 오창대로 980 , 청주국제공항 2층",36.7220988,127.4959284,1,yes,yes,청주 청주국제공항플레이보6,region=청주
pending,파리크라상,(주)파리크라상,(주)파리크라상,2026-05,2,파리바게뜨 둔산타임월드점,"카페,디저트>베이커리",대전광역시 서구 둔산동 1071 1층 102호,대전광역시 서구 둔산로 26 1층 102호,36.3517338,127.3769231,1,yes,yes,대전 파리크라상,region=대전
rejected,호텔인터시티,호텔인터시티,호텔인터시티,2026-05;2026-06;2026-07,9,호텔인터시티,숙박>호텔,대전광역시 유성구 봉명동 545-5,대전광역시 유성구 온천로 92,36.3543836,127.3478721,5,yes,no,대전 호텔인터시티,"region=대전; category is not food/beverage; nearest of 5 candidates, 28.6km from KNUE"
pending,강내루,강내루,강내루,2026-05;2026-06,2,강내루,중식>중식당,충청북도 청주시 흥덕구 강내면 산단리 61-1,충청북도 청주시 흥덕구 강내면 저산태성로 271,36.5793424,127.3532164,1,yes,yes,청주 강내루,region=청주
pending,강내면파리바게뜨,강내면파리바게뜨,강내면파리바게뜨,2026-05,1,파리바게뜨 청주강내점,"카페,디저트>베이커리",충청북도 청주시 흥덕구 강내면 탑연리 171-3 1층,충청북도 청주시 흥덕구 강내면 가로수로 534 1층,36.6235472,127.3594046,3,yes,yes,청주 강내면파리바게뜨,"region=청주; nearest of 3 candidates, 1.4km from KNUE"
rejected,경천사탑두레,경천사탑 두레,경천사탑 두레,2026-05,1,경천사탑 두레,음식점>한식,서울특별시 용산구 용산동6가 168-6 상설전시관2 경천사탑 두레,서울특별시 용산구 서빙고로 137 상설전시관2 경천사탑 두레,37.5236301,126.9825357,1,no,yes,경천사탑두레,outside 청주/세종/공주/대전
rejected,고화푸드시스템,고화푸드시스템,고화푸드시스템,2026-05,1,,,,,,,0,,,고화푸드시스템,no geocoding hit
pending,귀빈식당,귀빈식당,귀빈식당,2026-05,1,귀빈,중식>중식당,세종특별자치시 나성동 796 3층 304호,세종특별자치시 나성로 125-10 3층 304호,36.4901894,127.2583329,2,yes,yes,세종 귀빈식당,"region=세종; nearest of 2 candidates, 16.2km from KNUE"
rejected,기운센수산센터,기운센수산센터,기운센수산센터,2026-05;2026-06,2,,,,,,,0,,,기운센수산센터,no geocoding hit
pending,김밥촌,김밥촌,김밥촌,2026-05,1,김밥촌,분식>김밥,충청북도 청주시 흥덕구 강내면 탑연리 179-2 1층,충청북도 청주시 흥덕구 강내면 태성탑연로 452 1층,36.6225622,127.3588018,1,yes,yes,청주 김밥촌,region=청주
pending,나루스시,나루 스시,나루 스시,2026-05,1,나루,"음식점>일식>초밥,롤",충청북도 청주시 흥덕구 오송읍 봉산리 1205 101호,충청북도 청주시 흥덕구 오송읍 봉산2길 55-14 101호,36.6229647,127.3199934,1,yes,yes,청주 나루스시,region=청주
rejected,다농엘마트,㈜다농엘마트,㈜다농엘마트,2026-05,1,다농엘마트(청주) 전기차충전소,"교통,운수서비스>전기차충전소",충청북도 청주시 흥덕구 화계동 196,충청북도 청주시 흥덕구 엘지로 34,36.6612535,127.4366184,4,yes,no,청주 다농엘마트,"region=청주; category is not food/beverage; nearest of 4 candidates, 8.9km from KNUE; re-picked (was '다농엘마트')"
rejected,대돈제주본점,대돈 제주본점,대돈 제주본점,2026-05,1,대돈 제주본점,한식>돼지고기구이,제주특별자치도 제주시 건입동 1399-1 1층,제주특별자치도 제주시 관덕로15길 29 1층,33.5158753,126.5267484,1,no,yes,대돈제주본점,outside 청주/세종/공주/대전
rejected,대진횟집,대진횟집,대진횟집,2026-05,1,대진도원참치,한식>생선회,경기도 성남시 분당구 정자동 159-1 백궁프라자1 210호,경기도 성남시 분당구 성남대로331번길 13 백궁프라자1 210호,37.3650896,127.1061827,5,no,yes,대진횟집,"outside 청주/세종/공주/대전; nearest of 5 candidates, 86.8km from KNUE; re-picked (was '대진 도원참치 강남역점')"
pending,돌다리에하냥,돌다리에 하냥,돌다리에 하냥,2026-05,1,돌다리에하냥,"카페,디저트>카페",충청북도 청주시 흥덕구 오송읍 연제리 564-4,충청북도 청주시 흥덕구 오송읍 오송생명3로 134,36.6262522,127.3237537,1,yes,yes,청주 돌다리에하냥,region=청주
pending,돌산,돌산,돌산,2026-05,1,돌산 청주복대점,음식점>한식,충청북도 청주시 흥덕구 복대동 290-6 1층 102호,충청북도 청주시 흥덕구 진재로110번길 33 1층 102호,36.6401829,127.4317191,2,yes,yes,청주 돌산,"region=청주; nearest of 2 candidates, 7.3km from KNUE"
pending,동근이숯불두마리치킨(강내오송점),동근이숯불두마리치킨(강내오송점),동근이숯불두마리치킨(강내오송점),2026-05;2026-06,2,동근이숯불두마리치킨 오송점,"음식점>치킨,닭강정",충청북도 청주시 흥덕구 강내면 월탄리 49-9,충청북도 청주시 흥덕구 강내면 월탄3길 26-4,36.6082381,127.3557886,1,yes,yes,청주 동근이숯불두마리치킨(강내오송점),region=청주
rejected,등심연구소,등심연구소,등심연구소,2026-05,1,수이재 1928 한우연구소,"제조업>육류가공,제조",충청북도 청주시 흥덕구 복대동 2682 1층,충청북도 청주시 흥덕구 진재로31번길 11 1층,36.6338372,127.4287376,1,yes,no,청주 등심연구소,region=청주; category is not food/beverage
pending,등심연구소(세종),등심연구소(세종),등심연구소(세종),2026-05,1,세종 등심연구소,한식>소고기구이,세종특별자치시 아름동 1176 1층,세종특별자치시 달빛로 228 1층,36.5190797,127.2526669,1,yes,yes,세종 등심연구소(세종),region=세종
pending,디저트39한국교원대,디저트39 한국교원대,디저트39 한국교원대,2026-05,1,디저트39 한국교원대점,"카페,디저트>카페",충청북도 청주시 흥덕구 강내면 탑연리 339 디저트39 한국교원대점,충청북도 청주시 흥덕구 강내면 태성탑연로 386 디저트39 한국교원대점,36.6173791,127.3559085,1,yes,yes,청주 디저트39한국교원대,region=청주
rejected,맛있는이야기담,㈜맛있는이야기 담,㈜맛있는이야기 담,2026-05,1,카페이야기담,"음식점>카페,디저트",강원특별자치도 원주시 호저면 용곡리 530-29,강원특별자치도 원주시 호저면 칠봉로 700,37.4500260,127.8891749,3,no,yes,맛있는이야기담,"outside 청주/세종/공주/대전; nearest of 3 candidates, 104.5km from KNUE; re-picked (was '램 소소한 담이야기')"
rejected,맛찬돌왕소금구이,맛찬돌왕소금구이,맛찬돌왕소금구이,2026-05,1,,,,,,,0,,,맛찬돌왕소금구이,no geocoding hit
pending,맛찬들왕소금구이,맛찬들왕소금구이,맛찬들왕소금구이,2026-05,1,맛찬들왕소금구이 청주복대점,"한식>육류,고기요리",충청북도 청주시 흥덕구 복대동 3247,충청북도 청주시 흥덕구 진재로 100,36.6400661,127.4305383,3,yes,yes,청주 맛찬들왕소금구이,"region=청주; nearest of 3 candidates, 7.2km from KNUE"
rejected,바이에클로그,바이에클로그,바이에클로그,2026-05,1,,,,,,,0,,,바이에클로그,no geocoding hit
pending,백송짜글짜글,백송짜글짜글,백송짜글짜글,2026-05,1,백송짜글짜글,음식점>한식,충청북도 청주시 흥덕구 옥산면 가락리 739-6,충청북도 청주시 흥덕구 옥산면 옥산시내1길 63,36.6643198,127.3782329,2,yes,yes,청주 백송짜글짜글,"region=청주; nearest of 2 candidates, 6.2km from KNUE"
rejected,벌곡휴게소,벌곡휴게소,벌곡휴게소,2026-05,1,벌곡휴게소(논산방향),"교통,운수>고속도로휴게소",충청남도 논산시 벌곡면 신양리 475,충청남도 논산시 벌곡면 호남지선고속도로 25,36.2180350,127.2734620,5,no,no,벌곡휴게소,"outside 청주/세종/공주/대전; category is not food/beverage; nearest of 5 candidates, 44.4km from KNUE"
pending,벤티포스티,벤티포스티,벤티포스티,2026-05,1,벤티포스티,음식점>양식,충청북도 청주시 흥덕구 가경동 167-3 1층,충청북도 청주시 흥덕구 경산로50번길 6 1층,36.6243359,127.4376509,1,yes,yes,청주 벤티포스티,region=청주
pending,별꼴버섯,별꼴버섯,별꼴버섯,2026-05,1,별꼴버섯,음식점>한식,충청북도 청주시 흥덕구 정봉동 50-2,충청북도 청주시 흥덕구 청주역로 350-2,36.64526,127.393084,1,yes,yes,청주 별꼴버섯,region=청주
pending,복호두청주터미널,복호두청주터미널,복호두청주터미널,2026-05;2026-06,2,복호두 청주터미널점,"음식점>카페,디저트>호두과자",충청북도 청주시 흥덕구 강서동 482 강서베리굿 2차 1층 105호,충청북도 청주시 흥덕구 강서로 111 강서베리굿 2차 1층 105호,36.6249919,127.4287025,1,yes,yes,청주 복호두청주터미널,region=청주
rejected,뵈하,뵈하,뵈하,2026-05,1,,,,,,,0,,,뵈하,no geocoding hit
rejected,부엉이푸드,부엉이푸드,부엉이푸드,2026-05,1,부엉이푸드테크,제조업>식료품제조,서울특별시 영등포구 양평동3가 15-1 월드메르디앙비즈센터 403호,서울특별시 영등포구 양산로 53 월드메르디앙비즈센터 403호,37.5256020,126.8890638,3,no,no,부엉이푸드,"outside 청주/세종/공주/대전; category is not food/beverage; nearest of 3 candidates, 109.9km from KNUE"
pending,브라더한정식도시락오송,브라더한정식도시락 오송,브라더한정식도시락 오송,2026-05,1,브라더한정식도시락 오송점,"음식점>도시락,컵밥",충청북도 청주시 흥덕구 오송읍 만수리 776 102호,충청북도 청주시 흥덕구 오송읍 연제만수길 54 102호,36.624284,127.3292328,1,yes,yes,청주 브라더한정식도시락오송,region=청주
rejected,비오케이,비오케이,비오케이,2026-05,1,비오케이 가죽작업실,"생활,편의>공방",충청북도 청주시 흥덕구 복대동 9-3,충청북도 청주시 흥덕구 죽천로146번길 72,36.6345138,127.4388478,1,yes,no,청주 비오케이,region=청주; category is not food/beverage
pending,사월에보리밥(세종시청점),사월에보리밥(세종시청점),사월에보리밥(세종시청점),2026-05,1,사월에보리밥과쭈꾸미 세종시청점,한식>보리밥,세종특별자치시 보람동 706 강남프라자2층204호,세종특별자치시 시청대로 137 강남프라자2층204호,36.4799952,127.2867818,1,yes,yes,세종 사월에보리밥(세종시청점),region=세종
rejected,송하,송하,송하,2026-05,1,송하축산유통,"쇼핑,유통>축산업용품",충청북도 청주시 청원구 내덕동 557-3,충청북도 청주시 청원구 공항로 69,36.6634030,127.4866552,4,yes,no,청주 송하,"region=청주; category is not food/beverage; nearest of 4 candidates, 12.8km from KNUE; re-picked (was '송하 장어구이')"
rejected,에이치스,에이치스,에이치스,2026-05,1,에이치스컴퍼니,"쇼핑,유통>차,커피",서울특별시 관악구 봉천동 64-5 1층,서울특별시 관악구 행운1길 95 1층,37.4828885,126.9561314,5,no,yes,에이치스,"outside 청주/세종/공주/대전; nearest of 5 candidates, 103.3km from KNUE; re-picked (was '에이치스캐비닛')"
rejected,엠즈씨드,엠즈씨드 주식회사,엠즈씨드 주식회사,2026-05,1,엠즈씨드,"쇼핑,유통>식료품",경기도 용인시 기흥구 구갈동 130,경기도 용인시 기흥구 중부대로 495,37.2813346,127.1203325,5,no,no,엠즈씨드,"outside 청주/세종/공주/대전; category is not food/beverage; nearest of 5 candidates, 77.5km from KNUE"
rejected,여수딸기모찌,여수딸기모찌,여수딸기모찌,2026-05,1,서녹씨 본점,"음식점>카페,디저트",전남광주통합특별시 여수시 중앙동 562 1층,전남광주통합특별시 여수시 진남상가길 8-2 1층,34.7414093,127.7359680,5,no,yes,여수딸기모찌,"outside 청주/세종/공주/대전; nearest of 5 candidates, 210.7km from KNUE; re-picked (was '여수딸기모찌 삼합당 본점')"
pending,오드룬,오드룬,오드룬,2026-05;2026-06,3,오드 룬,"음식점>카페,디저트",대전광역시 유성구 봉명동 694-3 1층 OUD LUNE 오드 룬,대전광역시 유성구 온천동로 51 1층 OUD LUNE 오드 룬,36.3558309,127.3513108,1,yes,yes,대전 오드룬,region=대전
pending,오복누릉지삼계탕,오복누릉지삼계탕,오복누릉지삼계탕,2026-05,1,오복누룽지삼계탕 청주강내점,"한식>백숙,삼계탕",충청북도 청주시 흥덕구 강내면 월곡리 74-1,충청북도 청주시 흥덕구 강내면 상월곡길 61,36.6186107,127.3726876,2,yes,yes,청주 오복누릉지삼계탕,"region=청주; nearest of 2 candidates, 1.5km from KNUE; re-picked (was '오복누룽지삼계탕 청주성화점')"
rejected,오복누릉지삼계탕청주강내점,오복누릉지삼계탕 청주강내점,오복누릉지삼계탕 청주강내점,2026-05;2026-06,2,,,,,,,0,,,오복누릉지삼계탕청주강내점,no geocoding hit
rejected,오송마트[비에스홀딩스],오송마트[비에스홀딩스],오송마트[비에스홀딩스],2026-05,1,,,,,,,0,,,오송마트[비에스홀딩스],no geocoding hit
pending,오송조개구이,오송조개구이,오송조개구이,2026-05,1,오송조개구이무한리필,한식>조개요리,충청북도 청주시 흥덕구 오송읍 봉산리 1294 1층,충청북도 청주시 흥덕구 오송읍 오송생명13로 25 1층,36.6220352,127.3218352,1,yes,yes,청주 오송조개구이,region=청주
pending,온정(플러스),온정(플러스),온정(플러스),2026-05,1,온정플러스,"음식점>도시락,컵밥",충청북도 청주시 흥덕구 오송읍 연제리 783 1층 102호,충청북도 청주시 흥덕구 오송읍 연제만수길 22 1층 102호,36.6259074,127.3263023,1,yes,yes,청주 온정(플러스),region=청주
rejected,유성농협하나로마트,유성농협하나로마트,유성농협하나로마트,2026-05,1,북대전농협하나로마트 둔곡점,"쇼핑,유통>슈퍼,마트",대전광역시 유성구 둔곡동 428-6,대전광역시 유성구 과학지원로 6,36.4525835,127.3604669,5,yes,no,대전 유성농협하나로마트,"region=대전; category is not food/beverage; nearest of 5 candidates, 17.6km from KNUE; re-picked (was '진잠농협하나로마트 분사')"
rejected,육전국밥(대부노점),육전국밥(대부노점),육전국밥(대부노점),2026-05,1,,,,,,,0,,,육전국밥(대부노점),no geocoding hit
pending,이관복명장냉면,이관복명장냉면,이관복명장냉면,2026-05;2026-06,2,이관복 명장 냉면,한식>냉면,대전광역시 유성구 봉명동 690-1 이관복명장냉면,대전광역시 유성구 온천동로65번길 51 이관복명장냉면,36.3571792,127.3498933,1,yes,yes,대전 이관복명장냉면,region=대전
rejected,이디야국립국악원점,이디야 국립국악원점,이디야 국립국악원점,2026-05,1,이디야커피 국립국악원점,"카페,디저트>카페",서울특별시 서초구 서초동 740-4 국립국악원 예악당 1층 이디야,서울특별시 서초구 남부순환로 2364 국립국악원 예악당 1층 이디야,37.4778469,127.0088804,1,no,yes,이디야국립국악원점,outside 청주/세종/공주/대전
rejected,이디야마포공덕역점,이디야 마포공덕역점,이디야 마포공덕역점,2026-05,1,이디야커피 마포공덕역점,"카페,디저트>카페",서울특별시 마포구 도화동 181-37,서울특별시 마포구 새창로 6,37.5420842,126.9505411,1,no,yes,이디야마포공덕역점,outside 청주/세종/공주/대전
rejected,이마트24,이마트24,이마트24,2026-05,1,이마트24 R청주장원점,"생활,편의>편의점",충청북도 청주시 흥덕구 가경동 1593,충청북도 청주시 흥덕구 서경로16번길 4,36.6174028,127.4415950,5,yes,no,청주 이마트24,"region=청주; category is not food/beverage; nearest of 5 candidates, 7.4km from KNUE; re-picked (was '이마트24 청주내덕점')"
rejected,이움라탄,이움라탄,이움라탄,2026-05,1,,,,,,,0,,,이움라탄,no geocoding hit
pending,이유케이크,이유케이크,이유케이크,2026-05,1,이유케이크,"카페,디저트>케이크전문",충청북도 청주시 서원구 사창동 436 3층 노랑문,충청북도 청주시 서원구 1순환로674번길 18 3층 노랑문,36.6331506,127.4595538,1,yes,yes,청주 이유케이크,region=청주
pending,자성화맛집코다리네,자성화맛집코다리네,자성화맛집코다리네,2026-05,1,자성화코다리네,음식점>한식,충청북도 청주시 흥덕구 석곡동 11,충청북도 청주시 흥덕구 서부로1168번길 31-23,36.6087054,127.4334858,1,yes,yes,청주 자성화맛집코다리네,region=청주
pending,잡솨보리,잡솨보리,잡솨보리,2026-05,1,달보드레&amp;잡솨보리,"쇼핑,유통>전통식품",충청북도 청주시 흥덕구 강내면 월곡리 234-21 1층,충청북도 청주시 흥덕구 강내면 탑연월곡길 31-10 1층,36.6215229,127.3622796,1,yes,yes,청주 잡솨보리,region=청주
rejected,장수갈매기,장수갈매기,장수갈매기,2026-05,1,,,,,,,0,,,장수갈매기,no geocoding hit
rejected,장안횟집,장안횟집,장안횟집,2026-05,1,장안횟집식당,한식>생선회,전북특별자치도 부안군 부안읍 서외리 21 대우분식,전북특별자치도 부안군 부안읍 시장길 6 대우분식,35.7274263,126.7329791,3,no,yes,장안횟집,"outside 청주/세종/공주/대전; nearest of 3 candidates, 113.2km from KNUE; re-picked (was '장안횟집')"
pending,점선에스프레소바,점선에스프레소바,점선에스프레소바,2026-05,1,점선 에스프레소바,"음식점>카페,디저트",충청북도 청주시 흥덕구 강서동 473 경성하늘샵 1층 점선 에스프레소바,충청북도 청주시 흥덕구 가로수로1164번길 41-48 경성하늘샵 1층 점선 에스프레소바,36.6256891,127.4294454,1,yes,yes,청주 점선에스프레소바,region=청주
pending,조가네갑오징어(세종),조가네갑오징어(세종),조가네갑오징어(세종),2026-05,1,조가네갑오징어 세종점,"해물,생선요리>오징어요리",세종특별자치시 아름동 1329 205호,세종특별자치시 아름서1길 13-9 205호,36.5116758,127.2426038,1,yes,yes,세종 조가네갑오징어(세종),region=세종
pending,청주황미방앗간,청주황미방앗간,청주황미방앗간,2026-05,1,황미방앗간,음식점>한식,충청북도 청주시 상당구 용정동 272-2 황미방앗간,충청북도 청주시 상당구 1순환로1480번길 11-12 황미방앗간,36.6245412,127.5205254,1,yes,yes,청주 청주황미방앗간,region=청주
rejected,충청북도장애인생산품판매시설,충청북도장애인생산품판매시설,충청북도장애인생산품판매시설,2026-05;2026-07,2,충청북도장애인생산품판매시설,"쇼핑,유통>건강,의료용품",충청북도 청주시 흥덕구 복대동 262,충청북도 청주시 흥덕구 공단로 87,36.6393581,127.4391422,1,yes,no,청주 충청북도장애인생산품판매시설,region=청주; category is not food/beverage
rejected,카페시우,카페시우,카페시우,2026-05,1,시우티하우스,"카페,디저트>차",경기도 안양시 동안구 관양동 1732-1 1층 시우,경기도 안양시 동안구 동편로184번길 9-6 1층 시우,37.4060580,126.9694153,5,no,yes,카페시우,"outside 청주/세종/공주/대전; nearest of 5 candidates, 94.9km from KNUE; re-picked (was '카페시우')"
pending,카페행보,카페 행보,카페 행보,2026-05,1,카페 행보,"음식점>카페,디저트",세종특별자치시 보람동 705 강남프라자 1층 111호(행보),세종특별자치시 시청대로 127 강남프라자 1층 111호(행보),36.4796928,127.2862055,1,yes,yes,세종 카페행보,region=세종
rejected,컬처푸드한국교원대학교,컬처푸드 한국교원대학교,컬처푸드 한국교원대학교,2026-05,1,,,,,,,0,,,컬처푸드한국교원대학교,no geocoding hit
rejected,케이비손해보험,주식회사 케이비손해보험,주식회사 케이비손해보험,2026-05,1,KB손해보험 성동대리점,"보험>손해,화재보험",충청북도 청주시 흥덕구 봉명동 2773 대한산업보건협회,충청북도 청주시 흥덕구 덕암로 26 대한산업보건협회,36.6529346,127.4569213,5,yes,no,청주 케이비손해보험,"region=청주; category is not food/beverage; nearest of 5 candidates, 9.9km from KNUE; re-picked (was 'KB손해보험상당지역팀')"
pending,타임스테이(TIMESTAY),타임스테이(TIMESTAY),타임스테이(TIMESTAY),2026-05,1,타임스테이,"음식점>카페,디저트",충청북도 청주시 흥덕구 석곡동 10-8,충청북도 청주시 흥덕구 서부로1168번길 31-35,36.6086927,127.4345244,1,yes,yes,청주 타임스테이(TIMESTAY),region=청주
rejected,테산도용산아이파크몰점,테산도 용산아이파크몰점,테산도 용산아이파크몰점,2026-05,1,낙원테산도 용산아이파크몰점,음식점>일식>일식당,서울특별시 용산구 한강로3가 40-999 6층,서울특별시 용산구 한강대로23길 55 6층,37.5297718,126.9647415,1,no,yes,테산도용산아이파크몰점,outside 청주/세종/공주/대전
rejected,투머치,투머치,투머치,2026-05;2026-06,2,쏘리투머치러브,"쇼핑,유통>패션",서울특별시 강남구 신사동 654 명빌딩 6층,서울특별시 강남구 선릉로153길 17 명빌딩 6층,37.5246459,127.0379946,5,no,no,투머치,"outside 청주/세종/공주/대전; category is not food/beverage; nearest of 5 candidates, 105.5km from KNUE; re-picked (was '투머치택스 한남 플래그십')"
rejected,티엔티푸드,티엔티푸드,티엔티푸드,2026-05,1,티앤티푸드,"쇼핑,유통>식료품",경기도 광명시 노온사동 778-6,경기도 광명시 장절로 129,37.4313096,126.8515798,2,no,no,티엔티푸드,"outside 청주/세종/공주/대전; category is not food/beverage; nearest of 2 candidates, 101.7km from KNUE; re-picked (was '티엔티푸드')"
rejected,프릇프릇청주본점,프릇프릇 청주본점,프릇프릇 청주본점,2026-05,1,과일바구니 프릇프릇 청주본점,"쇼핑,유통>과일",충청북도 청주시 서원구 산남동 625 1층,충청북도 청주시 서원구 두꺼비로78번길 63-10 1층,36.6121359,127.4680336,1,yes,no,청주 프릇프릇청주본점,region=청주; category is not food/beverage
rejected,하늘목공방,하늘목공방,하늘목공방,2026-05,1,하늘목공방,"생활,편의>공방",충청북도 청주시 흥덕구 휴암동 426-1 완쪽건물 하늘목공방,충청북도 청주시 흥덕구 신전로 74 완쪽건물 하늘목공방,36.6147362,127.4029423,1,yes,no,청주 하늘목공방,region=청주; category is not food/beverage
rejected,한무쇼핑충정점그래인스,한무쇼핑 ㈜ 충정점 그래인스,한무쇼핑 ㈜ 충정점 그래인스,2026-05,1,,,,,,,0,,,한무쇼핑충정점그래인스,no geocoding hit
pending,한솥충북오송점,한솥 충북오송점,한솥 충북오송점,2026-05,1,한솥도시락 충북오송점,"음식점>도시락,컵밥",충청북도 청주시 흥덕구 오송읍 만수리 520 101호,충청북도 청주시 흥덕구 오송읍 오송생명로 196 101호,36.6307842,127.3307417,1,yes,yes,청주 한솥충북오송점,region=청주
rejected,한울라운지카페,한울라운지카페,한울라운지카페,2026-05,1,한울놀이터,"음식점>카페,디저트",경기도 성남시 분당구 운중동 979-1 1층,경기도 성남시 분당구 운중로113번길 4-11 1층,37.3928539,127.076522,1,no,yes,한울라운지카페,outside 청주/세종/공주/대전
pending,할리스오송역사점,할리스오송역사점,할리스오송역사점,2026-05,1,할리스 오송역사점,"카페,디저트>카페",충청북도 청주시 흥덕구 오송읍 봉산리 370-31 오송역 2층 코레일라운지,충청북도 청주시 흥덕구 오송읍 오송가락로 123 오송역 2층 코레일라운지,36.6204747,127.3271435,1,yes,yes,청주 할리스오송역사점,region=청주
rejected,해마루횟집,해마루 횟집,해마루 횟집,2026-05,1,해마루횟집 조개구이,"한식>해물,생선요리",충청남도 보령시 신흑동 2223-2 해마루횟집 조개구이,충청남도 보령시 해수욕장10길 60-12 해마루횟집 조개구이,36.3193822,126.5081583,5,no,yes,해마루횟집,"outside 청주/세종/공주/대전; nearest of 5 candidates, 82.7km from KNUE; re-picked (was '해마루횟집')"
pending,황금코다리청주역점,황금코다리 청주역점,황금코다리 청주역점,2026-05,1,황금코다리 청주역점,"한식>해물,생선요리",충청북도 청주시 흥덕구 서촌동 528-1 1층 황금코다리 청주역점,충청북도 청주시 흥덕구 직지대로49번길 29 1층 황금코다리 청주역점,36.6471208,127.3971905,1,yes,yes,청주 황금코다리청주역점,region=청주
rejected,영칼로리포케청주오송점,영칼로리포케 청주오송점,영칼로리포케 청주오송점,2026-06,4,영칼로리 포케&amp;샐러드 청주오송점,"도시락,컵밥>다이어트,샐러드",충청북도 청주시 흥덕구 오송읍 만수리 521 예스 오피스텔 1층 101호,충청북도 청주시 흥덕구 오송읍 오송생명로 200 예스 오피스텔 1층 101호,36.6306337,127.3309683,1,yes,no,청주 영칼로리포케청주오송점,region=청주; category is not food/beverage
rejected,광명케어라벨,광명 케어라벨,광명 케어라벨,2026-06,2,커피케어라벨,"음식점>카페,디저트",경기도 광명시 일직동 512-3 광명역 유플레닛 T-TOWER 1층 케어라벨 카페,경기도 광명시 양지로 21 광명역 유플레닛 T-TOWER 1층 케어라벨 카페,37.4176904,126.8822104,1,no,yes,광명케어라벨,outside 청주/세종/공주/대전
pending,반지하청주본점,반지하 청주본점,반지하 청주본점,2026-06,2,반지하 본점,"한식>육류,고기요리","충청북도 청주시 흥덕구 비하동 76-10 반지하 (1층-본관, 2층-별관)","충청북도 청주시 흥덕구 가로수로1154번길 13 반지하 (1층-본관, 2층-별관)",36.6261862,127.4250738,1,yes,yes,청주 반지하청주본점,region=청주
rejected,스탠포드호텔앤리조트,스탠포드호텔앤리조트,스탠포드호텔앤리조트,2026-06,2,스탠포드호텔앤리조트,숙박>호텔,경상남도 통영시 도남동 660,경상남도 통영시 도남로 347,34.8244584,128.4393894,5,no,no,스탠포드호텔앤리조트,"outside 청주/세종/공주/대전; category is not food/beverage; nearest of 5 candidates, 221.3km from KNUE"
rejected,GS25오송로제비앙점,GS25오송로제비앙점,GS25오송로제비앙점,2026-06,1,GS25 오송로제비앙점,"생활,편의>편의점","충청북도 청주시 흥덕구 오송읍 봉산리 1510 오송로제비앙상가 2동 101,102호","충청북도 청주시 흥덕구 오송읍 오송생명8로 178 오송로제비앙상가 2동 101,102호",36.6181731,127.3205847,2,yes,no,청주 GS25오송로제비앙점,"region=청주; category is not food/beverage; nearest of 2 candidates, 3.5km from KNUE"
rejected,cu교원대점,cu 교원대점,cu 교원대점,2026-06,1,CU 한국교원대점 ATM,"금융,보험>현금인출기",충청북도 청주시 흥덕구 강내면 월탄리 36-3,충청북도 청주시 흥덕구 강내면 태성탑연로 256,36.6071263,127.3536668,2,yes,no,청주 cu교원대점,"region=청주; category is not food/beverage; nearest of 2 candidates, 0.6km from KNUE; re-picked (was 'CU 한국교원대점')"
pending,가경찜닭아구찜,가경찜닭아구찜,가경찜닭아구찜,2026-06,1,가경찜닭&amp;아구찜,한식>찜닭,충청북도 청주시 흥덕구 가경동 1478-13,충청북도 청주시 흥덕구 풍년로120번길 3,36.623557,127.4352,1,yes,yes,청주 가경찜닭아구찜,region=청주
pending,곱이곱다,곱이곱다,곱이곱다,2026-06,1,곱이곱다 오송점,"한식>곱창,막창,양",충청북도 청주시 흥덕구 오송읍 봉산리 907 곱이곱다 오송점,충청북도 청주시 흥덕구 오송읍 오송생명7로 179 곱이곱다 오송점,36.6227158,127.3187090,5,yes,yes,청주 곱이곱다,"region=청주; nearest of 5 candidates, 3.8km from KNUE; re-picked (was '곱이곱다 금천광장점')"
rejected,과일랜드(광명점),과일랜드(광명점),과일랜드(광명점),2026-06,1,과일랜드 광명점,"쇼핑,유통>과일",경기도 광명시 소하동 49-2 102호,경기도 광명시 하안로 180 102호,37.4534468,126.8877278,1,no,no,과일랜드(광명점),outside 청주/세종/공주/대전; category is not food/beverage
rejected,국립박물관문화재단,국립박물관문화재단,국립박물관문화재단,2026-06,1,국립박물관문화재단 성수물류센터,"물류,유통>물류센터",서울특별시 성동구 성수동2가 233-2,서울특별시 성동구 동일로 37 1층,37.5367047,127.0604207,5,no,no,국립박물관문화재단,"outside 청주/세종/공주/대전; category is not food/beverage; nearest of 5 candidates, 106.3km from KNUE; re-picked (was '국립박물관문화재단')"
rejected,기프트코리아,㈜기프트코리아,㈜기프트코리아,2026-06,1,나래코리아,"쇼핑,유통>판촉,기념품",대전광역시 동구 가양동 447-14 소원기프트(주)나래코리아,대전광역시 동구 합내로 46 소원기프트(주)나래코리아,36.3471937,127.4405014,1,yes,no,대전 기프트코리아,region=대전; category is not food/beverage
rejected,긴자료코광명역점,긴자료코 광명역점,긴자료코 광명역점,2026-06,1,긴자료코 광명역점,음식점>일식>돈가스,경기도 광명시 일직동 512 유플래닛 A동 107호,경기도 광명시 양지로 11 유플래닛 A동 107호,37.4181473,126.8817995,1,no,yes,긴자료코광명역점,outside 청주/세종/공주/대전
pending,넉넉피자,넉넉피자,넉넉피자,2026-06,1,넉넉피자 오송점,음식점>피자,충청북도 청주시 흥덕구 오송읍 만수리 828 트윈하우스 102호 넉넉피자,충청북도 청주시 흥덕구 오송읍 만수1길 24-11 (트윈하우스 102호) 넉넉피자,36.6235624,127.3296336,1,yes,yes,청주 넉넉피자,region=청주
pending,다이닝룸513,다이닝룸513,다이닝룸513,2026-06,1,다이닝룸513,"음식점>도시락,컵밥",충청북도 청주시 흥덕구 복대동 1666 1층,충청북도 청주시 흥덕구 내수동로42번길 65 1층,36.6302743,127.4499678,1,yes,yes,청주 다이닝룸513,region=청주
pending,다해공방,다해공방,다해공방,2026-06,1,다해공방,"음식점>카페,디저트",대전광역시 서구 괴정동 71-10,대전광역시 서구 가장로 43-1,36.3379213,127.3809881,1,yes,yes,대전 다해공방,region=대전
pending,달리는커피,달리는커피,달리는커피,2026-06,1,달리는커피 청주오송1호점,"카페,디저트>카페",충청북도 청주시 흥덕구 오송읍 봉산리 1159 1층 일부호,충청북도 청주시 흥덕구 오송읍 오송생명12로 48 1층 일부호,36.6215971,127.3189958,5,yes,yes,청주 달리는커피,"region=청주; nearest of 5 candidates, 3.7km from KNUE; re-picked (was '달리는커피 청주비하복대점')"
pending,도시락키친,도시락 키친,도시락 키친,2026-06,1,시스테이블 시스터키친테이블,음식점>한식,세종특별자치시 보람동 708 세종드림빌딩 113호,세종특별자치시 시청대로 167 세종드림빌딩 113호,36.4813751,127.2898963,2,yes,yes,세종 도시락키친,"region=세종; nearest of 2 candidates, 15.7km from KNUE; re-picked (was '찬미찬가 센트럴키친')"
pending,돝(DOT),돝(DOT),돝(DOT),2026-06,1,돝 오송,"한식>육류,고기요리",충청북도 청주시 흥덕구 오송읍 봉산리 1334 1층 103호,충청북도 청주시 흥덕구 오송읍 오송생명14로 377 1층 103호,36.6207885,127.3236726,1,yes,yes,청주 돝(DOT),region=청주
pending,뚜레쥬르오송파라곤,뚜레쥬르 오송파라곤,뚜레쥬르 오송파라곤,2026-06,1,뚜레쥬르 오송파라곤점,"카페,디저트>베이커리",충청북도 청주시 흥덕구 오송읍 봉산리 1022,충청북도 청주시 흥덕구 오송읍 오송생명7로 164,36.6215449,127.3175428,1,yes,yes,청주 뚜레쥬르오송파라곤,region=청주
rejected,리앤이라마띠네제주지사,리앤이라마띠네 제주지사,리앤이라마띠네 제주지사,2026-06,1,,,,,,,0,,,리앤이라마띠네제주지사,no geocoding hit
rejected,리카르도,리카르도,리카르도,2026-06,1,와이뮤직,"컴퓨터프로그래밍,정보서비스업>인터넷상거래",대전광역시 유성구 궁동 402-5 1층,대전광역시 유성구 대학로155번길 52 1층,36.3631511,127.3508005,1,yes,no,대전 리카르도,region=대전; category is not food/beverage
rejected,마래,마래,마래,2026-06,1,마래방죽,"지명>저수지,제",충청북도 청주시 흥덕구 지동동,,36.6358821,127.3987750,5,yes,no,청주 마래,"region=청주; category is not food/beverage; nearest of 5 candidates, 4.5km from KNUE; re-picked (was '카페마래')"
pending,명성보리밥,명성보리밥,명성보리밥,2026-06,1,명성보리밥쌈밥,한식>쌈밥,충청북도 청주시 흥덕구 강내면 탑연리 268-5 명성보리밥쌈밥,충청북도 청주시 흥덕구 강내면 가로수로 501 명성보리밥쌈밥,36.623807,127.3556072,1,yes,yes,청주 명성보리밥,region=청주
pending,명품한우,명품한우,명품한우,2026-06,1,샤브마니아 오송레이크점,음식점>일식>샤브샤브,충청북도 청주시 흥덕구 오송읍 연제리 540-1 1층 107호~110호,충청북도 청주시 흥덕구 오송읍 연제1길 24-35 1층 107호~110호,36.6264649,127.3225712,4,yes,yes,청주 명품한우,"region=청주; nearest of 4 candidates, 3.7km from KNUE; re-picked (was '고가네명품한우정육점')"
rejected,미분당광명일직점,미분당 광명일직점,미분당 광명일직점,2026-06,1,미분당 광명일직점,음식점>베트남음식,경기도 광명시 일직동 510-8 1층 110호,경기도 광명시 신기로 7 1층 110호,37.4206069,126.8823589,1,no,yes,미분당광명일직점,outside 청주/세종/공주/대전
pending,밀스젤라또오송점,밀스젤라또 오송점,밀스젤라또 오송점,2026-06,1,밀스젤라또 오송점,"카페,디저트>아이스크림","충청북도 청주시 흥덕구 오송읍 봉산리 1015 102, 103호","충청북도 청주시 흥덕구 오송읍 오송생명7로 152 102, 103호",36.6209085,127.316678,1,yes,yes,청주 밀스젤라또오송점,region=청주
pending,바다회수산,바다 회 수산,바다 회 수산,2026-06,1,바다회수산,한식>생선회,충청북도 청주시 흥덕구 오송읍 봉산리 1510 근린생활시설2동 104호(농부마트건너편),충청북도 청주시 흥덕구 오송읍 오송생명8로 178 근린생활시설2동 104호(농부마트건너편),36.6181916,127.3205479,5,yes,yes,청주 바다회수산,"region=청주; nearest of 5 candidates, 3.5km from KNUE"
pending,삿포로,삿포로,삿포로,2026-06,1,삿뽀로 청주점,음식점>일식>일식당,충청북도 청주시 흥덕구 강서동 495,충청북도 청주시 흥덕구 2순환로 1250,36.624557,127.430783,1,yes,yes,청주 삿포로,region=청주
pending,세종긴자,세종긴자,세종긴자,2026-06,1,긴자 세종점,음식점>일식>일식당,세종특별자치시 어진동 673 중흥S클래스 센텀뷰상가 B동,세종특별자치시 다솜로 50 중흥S클래스 센텀뷰상가 B동,36.4947086,127.2603182,2,yes,yes,세종 세종긴자,"region=세종; nearest of 2 candidates, 15.6km from KNUE"
pending,솥마을,솥마을,솥마을,2026-06,1,올리고솥뚜껑한솔점,"한식>육류,고기요리",세종특별자치시 한솔동 939 첫마을1단지 상가동 1층 111호,세종특별자치시 노을3로 14 첫마을1단지 상가동 1층 111호,36.4831397,127.2586544,1,yes,yes,세종 솥마을,region=세종
rejected,압강옥,압강옥,압강옥,2026-06,1,압강옥주차장,교통시설>주차장,전북특별자치도 군산시 사정동 246-7,전북특별자치도 군산시,35.9579170,126.7407448,4,no,no,압강옥,"outside 청주/세종/공주/대전; category is not food/beverage; nearest of 4 candidates, 91.3km from KNUE; re-picked (was '압강옥')"
pending,애슐리퀸즈NC청주점,애슐리퀸즈 NC청주점,애슐리퀸즈 NC청주점,2026-06,1,애슐리퀸즈 NC청주점,음식점>패밀리레스토랑,충청북도 청주시 흥덕구 가경동 1416-3 NC청주점 7층 애슐리,충청북도 청주시 흥덕구 2순환로 1233 NC청주점 7층 애슐리,36.6260387,127.4311111,1,yes,yes,청주 애슐리퀸즈NC청주점,region=청주
rejected,어반그린,어반그린,어반그린,2026-06,1,어반그린,"서비스,산업>기업",서울특별시 용산구 원효로4가 97-2 3층,서울특별시 용산구 원효로25길 16-4,37.5327804,126.9536485,5,no,no,어반그린,"outside 청주/세종/공주/대전; category is not food/beverage; nearest of 5 candidates, 108.6km from KNUE; re-picked (was '클라우드 어반그린야드')"
rejected,연가옥,연가옥,연가옥,2026-06,1,,,,,,,0,,,연가옥,no geocoding hit
pending,연화한우,연화한우,연화한우,2026-06,1,연화한우,"육류,고기요리>정육식당",충청북도 청주시 흥덕구 오송읍 오송리 134-7 연화한우,충청북도 청주시 흥덕구 오송읍 오송2길 4 연화한우,36.6111014,127.3272613,1,yes,yes,청주 연화한우,region=청주
rejected,오대산가마솥식당,오대산가마솥식당,오대산가마솥식당,2026-06,1,오대산가마솥식당,한식>한정식,강원특별자치도 평창군 진부면 동산리 332 11동,강원특별자치도 평창군 진부면 오대산로 152 11동,37.7159811,128.601442,1,no,yes,오대산가마솥식당,outside 청주/세종/공주/대전
rejected,오송한우촌,오송한우촌,오송한우촌,2026-06,1,우정배밭한우촌,한식>소고기구이,경기도 평택시 오성면 양교리 462-5,경기도 평택시 오성면 양교길 7,37.0202150,126.9745010,2,no,yes,오송한우촌,"outside 청주/세종/공주/대전; nearest of 2 candidates, 56.9km from KNUE; re-picked (was '오성한우촌')"
pending,온어스,온어스,온어스,2026-06,1,온어스 가로수도서관점,"음식점>카페,디저트",충청북도 청주시 흥덕구 가경동 1804,충청북도 청주시 흥덕구 서현서로 5,36.6184366,127.4287139,3,yes,yes,청주 온어스,"region=청주; nearest of 3 candidates, 6.3km from KNUE; re-picked (was '온어스')"
pending,우즈,우즈,우즈,2026-06,1,우즈 OOWZZ,"음식점>카페,디저트",충청북도 청주시 흥덕구 강내면 탑연리 36-4 상가,충청북도 청주시 흥덕구 강내면 다락탑연길 232 상가,36.6130672,127.3613292,5,yes,yes,청주 우즈,"region=청주; nearest of 5 candidates, 0.3km from KNUE"
pending,유성푸르지오파리바게트,유성푸르지오 파리바게트,유성푸르지오 파리바게트,2026-06,1,파리바게뜨 대덕밸리점,"카페,디저트>베이커리",대전광역시 유성구 관평동 911 도모플라자 1층,대전광역시 유성구 관평2로 56 도모플라자 1층,36.4220796,127.3880448,2,yes,yes,대전 유성푸르지오파리바게트,"region=대전; nearest of 2 candidates, 21.2km from KNUE; re-picked (was '파리바게뜨 대전용산호반점')"
rejected,전주밥상다잡수소,전주밥상다잡수소,전주밥상다잡수소,2026-06,1,전주밥상다잡수소,한식>한정식,전북특별자치도 전주시 덕진구 금암동 790-1,전북특별자치도 전주시 덕진구 백제대로 528,35.8383734,127.1284574,1,no,yes,전주밥상다잡수소,outside 청주/세종/공주/대전
rejected,제주돈품,제주돈품,제주돈품,2026-06,1,제주돈품,한식>돼지고기구이,제주특별자치도 제주시 이도이동 2037-1 1층,제주특별자치도 제주시 구남로 12 1층,33.4887961,126.5322196,1,no,yes,제주돈품,outside 청주/세종/공주/대전
rejected,좋은수산,좋은수산,좋은수산,2026-06,1,홈마트,"쇼핑,유통>슈퍼,마트",대전광역시 유성구 지족동 1047-3 홈마트,대전광역시 유성구 지족로148번길 15 홈마트,36.3780749,127.3032422,3,yes,no,대전 좋은수산,"region=대전; category is not food/beverage; nearest of 3 candidates, 26.4km from KNUE; re-picked (was '좋은수산')"
rejected,중부수산,중부수산,중부수산,2026-06,1,농림축산검역본부 중부지역본부 청주사무소,"공공,사회기관>농림축산식품부",충청북도 청주시 흥덕구 복대동 1521-1,충청북도 청주시 흥덕구 신율로 136,36.6296556,127.4470334,2,yes,no,청주 중부수산,"region=청주; category is not food/beverage; nearest of 2 candidates, 8.1km from KNUE"
rejected,참버드나무집,참버드나무집,참버드나무집,2026-06;2026-07,2,참버드나무집입구,도로시설>방면정보,충청북도 청주시 흥덕구 강내면 탑연리,,36.6173337,127.3555252,1,yes,no,청주 참버드나무집,region=청주; category is not food/beverage
pending,춘리마라탕,춘리마라탕,춘리마라탕,2026-06,1,춘리마라탕 청주가경점,중식>마라탕,충청북도 청주시 흥덕구 가경동 2001,충청북도 청주시 흥덕구 서현중로36번길 4,36.6216415,127.4295447,5,yes,yes,청주 춘리마라탕,"region=청주; nearest of 5 candidates, 6.4km from KNUE; re-picked (was '춘리마라탕 동남점')"
pending,카페루메,카페루메,카페루메,2026-06,1,카페루메,"음식점>카페,디저트",충청북도 청주시 서원구 남이면 석판리 9-1 4층 카페루메,충청북도 청주시 서원구 남이면 대림로 377 4층 카페루메,36.6041526,127.4402494,1,yes,yes,청주 카페루메,region=청주
rejected,태정,태정,태정,2026-06,1,태정에너지산업,"서비스,산업>기업",충청북도 청주시 흥덕구 신성동 134-11,충청북도 청주시 흥덕구 신성로108번길 9-6,36.6561701,127.4147709,3,yes,no,청주 태정,"region=청주; category is not food/beverage; nearest of 3 candidates, 7.1km from KNUE; re-picked (was '태정')"
pending,풍천일등장어,풍천일등장어,풍천일등장어,2026-06,1,풍천일등장어,음식점>한식,충청북도 청주시 흥덕구 오송읍 봉산리 1313,충청북도 청주시 흥덕구 오송읍 오송생명8로 231,36.6222042,127.3227606,1,yes,yes,청주 풍천일등장어,region=청주
rejected,현대그린푸드오스코컨벤션,현대그린푸드 오스코컨벤션,현대그린푸드 오스코컨벤션,2026-06,1,,,,,,,0,,,현대그린푸드오스코컨벤션,no geocoding hit
rejected,화수목,화수목,화수목,2026-06,1,화수목,취미교육,충청북도 청주시 상당구 용암동 3157 205동 1901호,충청북도 청주시 상당구 중고개로 104 205동 1901호,36.6149448,127.520877,1,yes,no,청주 화수목,region=청주; category is not food/beverage
pending,황금코다리석곡점,황금코다리 석곡점,황금코다리 석곡점,2026-06,1,황금코다리 청주석곡점,"한식>해물,생선요리",충청북도 청주시 흥덕구 강서동 283-7 1층 황금코다리 청주석곡점,충청북도 청주시 흥덕구 서부로 1093-8 1층 황금코다리 청주석곡점,36.6104305,127.4231063,1,yes,yes,청주 황금코다리석곡점,region=청주
rejected,황보냉면,황보냉면,황보냉면,2026-06,1,황포냉면,한식>냉면,"전북특별자치도 전주시 덕진구 호성동1가 417-5 1, 2층","전북특별자치도 전주시 덕진구 사거리길 52 1, 2층",35.8726034,127.1564633,5,no,yes,황보냉면,"outside 청주/세종/공주/대전; nearest of 5 candidates, 84.1km from KNUE"
pending,시월애케이크,시월애케이크,시월애케이크,2026-07,2,시월애케이크,"카페,디저트>케이크전문",충청북도 청주시 서원구 성화동 996 1층,충청북도 청주시 서원구 성화로 88 1층,36.6132523,127.4458245,1,yes,yes,청주 시월애케이크,region=청주
pending,궁동)롯데리아,궁동)롯데리아,궁동)롯데리아,2026-07,1,롯데리아 대전신성점,양식>햄버거,대전광역시 유성구 신성동 216-7,대전광역시 유성구 신성남로 45,36.3865710,127.3501242,5,yes,yes,대전 궁동)롯데리아,"region=대전; nearest of 5 candidates, 25.0km from KNUE; re-picked (was '롯데리아 충남대점')"
rejected,기운센수산센타,기운센수산센타,기운센수산센타,2026-07,1,,,,,,,0,,,기운센수산센타,no geocoding hit
pending,늘찬굴림만두,늘찬굴림만두,늘찬굴림만두,2026-07,1,늘찬굴림만두전골,"한식>칼국수,만두",충청북도 청주시 상당구 가덕면 병암리 238-5 늘찬굴림만두전골,충청북도 청주시 상당구 가덕면 단재로 1410 늘찬굴림만두전골,36.5766629,127.575105,1,yes,yes,청주 늘찬굴림만두,region=청주
rejected,복춘식당,복춘식당,복춘식당,2026-07,1,복춘식당,"한식>아귀찜,해물찜",전남광주통합특별시 여수시 교동 472,전남광주통합특별시 여수시 교동남1길 5-8,34.7396461,127.7341051,1,no,yes,복춘식당,outside 청주/세종/공주/대전
rejected,비브레이브천안,비브레이브 천안,비브레이브 천안,2026-07,1,비브레이브 천안점,"카페,디저트>베이커리",충청남도 천안시 서북구 백석동 14-16 비브레이브,충청남도 천안시 서북구 한들3로 36-16 비브레이브,36.8265133,127.1253796,1,no,yes,비브레이브천안,outside 청주/세종/공주/대전
pending,상구네돼지구이,상구네돼지구이,상구네돼지구이,2026-07,1,상구네돼지구이 청주오송점,"음식점>한식>육류,고기요리",충청북도 청주시 흥덕구 오송읍 봉산리 1148 101호,충청북도 청주시 흥덕구 오송읍 오송생명7로 184 101호,36.622705,127.319215,1,yes,yes,청주 상구네돼지구이,region=청주
rejected,샐러드에빠진날,샐러드에빠진날,샐러드에빠진날,2026-07,1,샐러드에빠진날,"도시락,컵밥>다이어트,샐러드",대전광역시 서구 갈마동 291-18,대전광역시 서구 신갈마로211번길 42,36.3533339,127.3656605,1,yes,no,대전 샐러드에빠진날,region=대전; category is not food/beverage
rejected,성심당DCC점튀소정거장,성심당 DCC점 튀소정거장,성심당 DCC점 튀소정거장,2026-07,1,,,,,,,0,,,성심당DCC점튀소정거장,no geocoding hit
rejected,성환농협하나로마트,성환농협하나로마트,성환농협하나로마트,2026-07,1,하나로마트 천안배원예농협,"쇼핑,유통>슈퍼,마트",충청남도 천안시 서북구 성환읍 매주리 304-18 매주리,충청남도 천안시 서북구 성환읍 연암율금로 508 (매주리),36.9111065,127.1342201,3,no,no,성환농협하나로마트,"outside 청주/세종/공주/대전; category is not food/beverage; nearest of 3 candidates, 38.9km from KNUE; re-picked (was '하나로마트 성환농협본점')"
pending,송이네집,송이네집,송이네집,2026-07,1,송이네식당,음식점>한식,대전광역시 대덕구 오정동 58-1,대전광역시 대덕구 한밭대로989번길 12,36.3584959,127.4084038,4,yes,yes,대전 송이네집,"region=대전; nearest of 4 candidates, 28.4km from KNUE; re-picked (was '송이네 손수제비 삼계탕')"
pending,에클로그,에클로그,에클로그,2026-07,1,에클로그,"음식점>카페,디저트",충청북도 청주시 상당구 남일면 효촌리 77-1,충청북도 청주시 상당구 남일면 효덕길 26-84,36.5825973,127.5138347,1,yes,yes,청주 에클로그,region=청주
rejected,여수봄날엔,여수봄날엔,여수봄날엔,2026-07,1,여수 봄날엔,"음식점>카페,디저트",전남광주통합특별시 여수시 중앙동 824 1층,전남광주통합특별시 여수시 중앙로 72-25 1층,34.739533,127.7349178,1,no,yes,여수봄날엔,outside 청주/세종/공주/대전
pending,완도횟집,완도횟집,완도횟집,2026-07,1,완도두툼횟집,한식>생선회,충청북도 청주시 청원구 오창읍 각리 651-5 1층,충청북도 청주시 청원구 오창읍 과학산업5로 108-5 1층,36.7082158,127.4163069,1,yes,yes,청주 완도횟집,region=청주
pending,장어마을,장어마을,장어마을,2026-07,1,고창장어마을,"한식>장어,먹장어요리",충청북도 청주시 상당구 용정동 664 1층,충청북도 청주시 상당구 영운천로145번길 3 1층,36.6222213,127.5128098,1,yes,yes,청주 장어마을,region=청주
rejected,저림숙정그릴,저림숙정그릴,저림숙정그릴,2026-07,1,,,,,,,0,,,저림숙정그릴,no geocoding hit
rejected,짝갈빗,짝갈빗,짝갈빗,2026-07,1,짝갈빗 천안본점,"한식>육류,고기요리",충청남도 천안시 서북구 두정동 809 아현빌딩 1층,충청남도 천안시 서북구 원두정1길 12 아현빌딩 1층,36.831473,127.1340717,1,no,yes,짝갈빗,outside 청주/세종/공주/대전
pending,청도회수산,청도회수산,청도회수산,2026-07,1,청도회수산,음식점>일식>일식당,충청북도 청주시 청원구 사천동 233-95 청도회수산,충청북도 청주시 청원구 율봉로56번길 11 청도회수산,36.6640731,127.4768421,2,yes,yes,청주 청도회수산,"region=청주; nearest of 2 candidates, 12.1km from KNUE"
rejected,초장집(천안점),초장집(천안점),초장집(천안점),2026-07,1,수왕초장집 천안점,한식>생선회,충청남도 천안시 서북구 두정동 901 1층 수왕초장집 천안점,충청남도 천안시 서북구 서부대로 746 1층 수왕초장집 천안점,36.8335413,127.1337759,1,no,yes,초장집(천안점),outside 청주/세종/공주/대전
pending,커피나후,커피나후,커피나후,2026-07,1,커피나후,"카페,디저트>카페",세종특별자치시 보람동 747 114호 커피나후 (공영주차장앞),세종특별자치시 호려울로 29 114호 커피나후 (공영주차장앞),36.4777689,127.2900711,1,yes,yes,세종 커피나후,region=세종
pending,코이,코이,코이,2026-07,1,코이라멘 오송점,음식점>일식>일본식라면,충청북도 청주시 흥덕구 오송읍 봉산리 1523 근린생활시설 5동 1층 103호,충청북도 청주시 흥덕구 오송읍 오송생명7로 118 근린생활시설 5동 1층 103호,36.6190092,127.3140161,5,yes,yes,청주 코이,"region=청주; nearest of 5 candidates, 4.1km from KNUE; re-picked (was '코이')"
rejected,투썸천안두정점,투썸 천안 두정점,투썸 천안 두정점,2026-07,1,투썸플레이스 천안터미널점,"카페,디저트>카페",충청남도 천안시 동남구 신부동 354-1 지하1층 투썸플레이스 천안터미널점,충청남도 천안시 동남구 만남로 43 지하1층 투썸플레이스 천안터미널점,36.8197368,127.1557733,5,no,yes,투썸천안두정점,"outside 청주/세종/공주/대전; nearest of 5 candidates, 29.4km from KNUE; re-picked (was '투썸플레이스 천안두정점')"
rejected,파스쿠찌세종청사중앙동,파스쿠찌 세종청사중앙동,파스쿠찌 세종청사중앙동,2026-07;2026-08,2,,,,,,,0,,,파스쿠찌세종청사중앙동,no geocoding hit
pending,프룻탱,프룻탱,프룻탱,2026-07,1,프룻탱,"카페,디저트>과일,주스전문점","충청북도 청주시 서원구 사창동 132-1 1층, 프룻탱","충청북도 청주시 서원구 봉명로142번길 43 1층, 프룻탱",36.6372989,127.4576697,1,yes,yes,청주 프룻탱,region=청주
rejected,피양옥백석점,피양옥 백석점,피양옥 백석점,2026-07,1,,,,,,,0,,,피양옥백석점,no geocoding hit
rejected,한상모아도시락청주점,한상모아도시락 청주점,한상모아도시락 청주점,2026-07,1,,,,,,,0,,,한상모아도시락청주점,no geocoding hit
rejected,대한푸드,㈜대한푸드,㈜대한푸드,2026-08,1,농업회사법인 대한 본,"서비스,산업>농업",충청북도 청주시 흥덕구 옥산면 남촌리 964,충청북도 청주시 흥덕구 옥산면 오창제방길 165-5,36.6840369,127.4229853,1,yes,no,청주 대한푸드,region=청주; category is not food/beverage
rejected,밀애칼국수,밀애칼국수,밀애칼국수,2026-08,1,밀애,"한식>칼국수,만두",경기도 안산시 단원구 고잔동 698-4 1층 101호,경기도 안산시 단원구 다리간3길 26 1층 101호,37.3136902,126.8247060,2,no,yes,밀애칼국수,"outside 청주/세종/공주/대전; nearest of 2 candidates, 91.4km from KNUE"
rejected,세화황제장어갈비,㈜세화 황제장어갈비,㈜세화 황제장어갈비,2026-08,1,,,,,,,0,,,세화황제장어갈비,no geocoding hit
pending,윤짬뽕,윤짬뽕,윤짬뽕,2026-08,1,윤짬뽕,중식>중식당,대전광역시 서구 탄방동 695 1층,대전광역시 서구 계룡로553번안길 23 1층,36.3460386,127.3865657,1,yes,yes,대전 윤짬뽕,region=대전
